Feature	Intercept_mean	tumor_type[T.HCC]_mean	Intercept_std	tumor_type[T.HCC]_std	Intercept_hdi	tumor_type[T.HCC]_hdi
G000006865	-9.87572498365	-1.3883120611500017	5.046207150717673	4.925316214084062	(-18.5044, 0.259033)	(-10.474, 8.23811)
G000378885	-9.87572498365	-1.3883120611500017	5.046207150717673	4.925316214084062	(-18.5044, 0.259033)	(-10.474, 8.23811)
G000006925	-11.250864170555015	2.1231235845900005	3.31015226167411	2.7895582991229753	(-17.4169, -5.34631)	(-2.63907, 7.79746)
G000744465	-9.87572498365	-1.3883120611500017	5.046207150717673	4.925316214084062	(-18.5044, 0.259033)	(-10.474, 8.23811)
G000494725	-9.87572498365	-1.3883120611500017	5.046207150717673	4.925316214084062	(-18.5044, 0.259033)	(-10.474, 8.23811)
G000378905	-9.87572498365	-1.3883120611500017	5.046207150717673	4.925316214084062	(-18.5044, 0.259033)	(-10.474, 8.23811)
G002206575	-9.87572498365	-1.3883120611500017	5.046207150717673	4.925316214084062	(-18.5044, 0.259033)	(-10.474, 8.23811)
G000007525	-9.87572498365	-1.3883120611500017	5.046207150717673	4.925316214084062	(-18.5044, 0.259033)	(-10.474, 8.23811)
G900066525	-9.87572498365	-1.3883120611500017	5.046207150717673	4.925316214084062	(-18.5044, 0.259033)	(-10.474, 8.23811)
G000744835	-9.87572498365	-1.3883120611500017	5.046207150717673	4.925316214084062	(-18.5044, 0.259033)	(-10.474, 8.23811)
G000508745	-9.87572498365	-1.3883120611500017	5.046207150717673	4.925316214084062	(-18.5044, 0.259033)	(-10.474, 8.23811)
G000934225	-9.87572498365	-1.3883120611500017	5.046207150717673	4.925316214084062	(-18.5044, 0.259033)	(-10.474, 8.23811)
G001584645	-9.87572498365	-1.3883120611500017	5.046207150717673	4.925316214084062	(-18.5044, 0.259033)	(-10.474, 8.23811)
G000221145	-9.87572498365	-1.3883120611500017	5.046207150717673	4.925316214084062	(-18.5044, 0.259033)	(-10.474, 8.23811)
G000378925	-9.87572498365	-1.3883120611500017	5.046207150717673	4.925316214084062	(-18.5044, 0.259033)	(-10.474, 8.23811)
G000069965	-9.87572498365	-1.3883120611500017	5.046207150717673	4.925316214084062	(-18.5044, 0.259033)	(-10.474, 8.23811)
G000317975	-9.87572498365	-1.3883120611500017	5.046207150717673	4.925316214084062	(-18.5044, 0.259033)	(-10.474, 8.23811)
G002255905	-9.87572498365	-1.3883120611500017	5.046207150717673	4.925316214084062	(-18.5044, 0.259033)	(-10.474, 8.23811)
G001814805	-9.87572498365	-1.3883120611500017	5.046207150717673	4.925316214084062	(-18.5044, 0.259033)	(-10.474, 8.23811)
G004100325	-9.87572498365	-1.3883120611500017	5.046207150717673	4.925316214084062	(-18.5044, 0.259033)	(-10.474, 8.23811)
G000007645	-9.87572498365	-1.3883120611500017	5.046207150717673	4.925316214084062	(-18.5044, 0.259033)	(-10.474, 8.23811)
G001028645	-9.87572498365	-1.3883120611500017	5.046207150717673	4.925316214084062	(-18.5044, 0.259033)	(-10.474, 8.23811)
G900066545	-9.87572498365	-1.3883120611500017	5.046207150717673	4.925316214084062	(-18.5044, 0.259033)	(-10.474, 8.23811)
G000162015	-9.87572498365	-1.3883120611500017	5.046207150717673	4.925316214084062	(-18.5044, 0.259033)	(-10.474, 8.23811)
G008273775	-11.250864170555015	2.1231235845900005	3.31015226167411	2.7895582991229753	(-17.4169, -5.34631)	(-2.63907, 7.79746)
G000745265	-9.87572498365	-1.3883120611500017	5.046207150717673	4.925316214084062	(-18.5044, 0.259033)	(-10.474, 8.23811)
G001425865	-9.87572498365	-1.3883120611500017	5.046207150717673	4.925316214084062	(-18.5044, 0.259033)	(-10.474, 8.23811)
G000438035	-11.3502700325	1.2399013548805005	3.417808743144146	2.9658367216211654	(-17.2009, -4.27815)	(-4.34234, 7.05047)
G000568555	-9.87572498365	-1.3883120611500017	5.046207150717673	4.925316214084062	(-18.5044, 0.259033)	(-10.474, 8.23811)
G000935165	-9.87572498365	-1.3883120611500017	5.046207150717673	4.925316214084062	(-18.5044, 0.259033)	(-10.474, 8.23811)
G001586215	-9.87572498365	-1.3883120611500017	5.046207150717673	4.925316214084062	(-18.5044, 0.259033)	(-10.474, 8.23811)
G001310795	-9.87572498365	-1.3883120611500017	5.046207150717673	4.925316214084062	(-18.5044, 0.259033)	(-10.474, 8.23811)
G000240075	-9.87572498365	-1.3883120611500017	5.046207150717673	4.925316214084062	(-18.5044, 0.259033)	(-10.474, 8.23811)
G000381125	-9.87572498365	-1.3883120611500017	5.046207150717673	4.925316214084062	(-18.5044, 0.259033)	(-10.474, 8.23811)
G000072485	-5.362372258050006	-0.6643983323114997	2.2751303341494102	3.02920273402882	(-9.03848, -0.96608)	(-6.37504, 5.26228)
G000332875	-7.235956801455004	-2.833826268955	2.888988332429123	4.698595303429089	(-12.1041, -1.53941)	(-11.6944, 6.47436)
G000016565	-8.511924318950014	-3.463726512465	2.7885530880635705	4.2379026619923135	(-13.0758, -2.90651)	(-11.5613, 4.39705)
G001828765	-7.173076554849996	-2.929198072099996	2.9276625065251634	4.22285564340943	(-11.6974, -1.1911)	(-10.3678, 5.21662)
G002256425	-9.87572498365	-1.3883120611500017	5.046207150717673	4.925316214084062	(-18.5044, 0.259033)	(-10.474, 8.23811)
G004323595	-9.87572498365	-1.3883120611500017	5.046207150717673	4.925316214084062	(-18.5044, 0.259033)	(-10.474, 8.23811)
G000008345	-3.989535003789995	-4.193322036409995	2.2007838738929135	4.645968637577552	(-7.67165, 0.290895)	(-12.9573, 4.49192)
G001046635	-9.87572498365	-1.3883120611500017	5.046207150717673	4.925316214084062	(-18.5044, 0.259033)	(-10.474, 8.23811)
G900111115	-9.87572498365	-1.3883120611500017	5.046207150717673	4.925316214084062	(-18.5044, 0.259033)	(-10.474, 8.23811)
G008807395	-9.87572498365	-1.3883120611500017	5.046207150717673	4.925316214084062	(-18.5044, 0.259033)	(-10.474, 8.23811)
G000169035	-9.87572498365	-1.3883120611500017	5.046207150717673	4.925316214084062	(-18.5044, 0.259033)	(-10.474, 8.23811)
G000745545	-9.87572498365	-1.3883120611500017	5.046207150717673	4.925316214084062	(-18.5044, 0.259033)	(-10.474, 8.23811)
G000438275	-9.87572498365	-1.3883120611500017	5.046207150717673	4.925316214084062	(-18.5044, 0.259033)	(-10.474, 8.23811)
G001427705	-9.87572498365	-1.3883120611500017	5.046207150717673	4.925316214084062	(-18.5044, 0.259033)	(-10.474, 8.23811)
G000611675	-9.87572498365	-1.3883120611500017	5.046207150717673	4.925316214084062	(-18.5044, 0.259033)	(-10.474, 8.23811)
G000944855	-12.196224218500022	2.960750025549999	2.412322037227503	2.3898877859083476	(-18.1625, -8.73762)	(-0.613666, 8.31764)
G001592855	-6.424766669950004	-2.6553106320899995	3.166412729207404	4.465073593077752	(-11.09, 0.442654)	(-10.3306, 6.81821)
G001312505	-9.87572498365	-1.3883120611500017	5.046207150717673	4.925316214084062	(-18.5044, 0.259033)	(-10.474, 8.23811)
G000240185	-4.375612759600001	-2.3340109306149963	2.9752277041467474	5.001359465011785	(-9.63025, 1.17799)	(-11.1365, 7.79014)
G000381265	-9.87572498365	-1.3883120611500017	5.046207150717673	4.925316214084062	(-18.5044, 0.259033)	(-10.474, 8.23811)
G000091545	-9.87572498365	-1.3883120611500017	5.046207150717673	4.925316214084062	(-18.5044, 0.259033)	(-10.474, 8.23811)
G000335815	-9.87572498365	-1.3883120611500017	5.046207150717673	4.925316214084062	(-18.5044, 0.259033)	(-10.474, 8.23811)
G000016645	-9.87572498365	-1.3883120611500017	5.046207150717673	4.925316214084062	(-18.5044, 0.259033)	(-10.474, 8.23811)
G001830325	-9.87572498365	-1.3883120611500017	5.046207150717673	4.925316214084062	(-18.5044, 0.259033)	(-10.474, 8.23811)
G004351935	-9.87572498365	-1.3883120611500017	5.046207150717673	4.925316214084062	(-18.5044, 0.259033)	(-10.474, 8.23811)
G002287885	-9.87572498365	-1.3883120611500017	5.046207150717673	4.925316214084062	(-18.5044, 0.259033)	(-10.474, 8.23811)
G000008865	-11.250864170555015	2.1231235845900005	3.31015226167411	2.7895582991229753	(-17.4169, -5.34631)	(-2.63907, 7.79746)
G001054195	-9.249095642199993	-3.6068350356334986	2.40215115876597	3.8384411299984587	(-12.8036, -3.97444)	(-11.0637, 3.8257)
G900112935	-9.87572498365	-1.3883120611500017	5.046207150717673	4.925316214084062	(-18.5044, 0.259033)	(-10.474, 8.23811)
G009693325	-9.87572498365	-1.3883120611500017	5.046207150717673	4.925316214084062	(-18.5044, 0.259033)	(-10.474, 8.23811)
G000169235	-9.87572498365	-1.3883120611500017	5.046207150717673	4.925316214084062	(-18.5044, 0.259033)	(-10.474, 8.23811)
G000745855	-9.87572498365	-1.3883120611500017	5.046207150717673	4.925316214084062	(-18.5044, 0.259033)	(-10.474, 8.23811)
G001428645	-9.87572498365	-1.3883120611500017	5.046207150717673	4.925316214084062	(-18.5044, 0.259033)	(-10.474, 8.23811)
G000438965	-9.87572498365	-1.3883120611500017	5.046207150717673	4.925316214084062	(-18.5044, 0.259033)	(-10.474, 8.23811)
G000615525	-6.071050114349994	1.7281327976164997	4.36996959137477	4.0357019141646315	(-13.9413, 2.24189)	(-5.52073, 9.19085)
G000953015	-9.87572498365	-1.3883120611500017	5.046207150717673	4.925316214084062	(-18.5044, 0.259033)	(-10.474, 8.23811)
G001603225	-9.87572498365	-1.3883120611500017	5.046207150717673	4.925316214084062	(-18.5044, 0.259033)	(-10.474, 8.23811)
G001314305	-9.87572498365	-1.3883120611500017	5.046207150717673	4.925316214084062	(-18.5044, 0.259033)	(-10.474, 8.23811)
G000241465	-9.87572498365	-1.3883120611500017	5.046207150717673	4.925316214084062	(-18.5044, 0.259033)	(-10.474, 8.23811)
G000383815	-9.87572498365	-1.3883120611500017	5.046207150717673	4.925316214084062	(-18.5044, 0.259033)	(-10.474, 8.23811)
G000091765	-5.234604212210008	1.9838805144300036	4.048950459020544	4.10595631703519	(-12.2639, 2.79427)	(-5.24121, 10.3627)
G000344615	-9.87572498365	-1.3883120611500017	5.046207150717673	4.925316214084062	(-18.5044, 0.259033)	(-10.474, 8.23811)
G000018665	-9.87572498365	-1.3883120611500017	5.046207150717673	4.925316214084062	(-18.5044, 0.259033)	(-10.474, 8.23811)
G001866515	-9.87572498365	-1.3883120611500017	5.046207150717673	4.925316214084062	(-18.5044, 0.259033)	(-10.474, 8.23811)
G004352045	-9.87572498365	-1.3883120611500017	5.046207150717673	4.925316214084062	(-18.5044, 0.259033)	(-10.474, 8.23811)
G002288385	-9.87572498365	-1.3883120611500017	5.046207150717673	4.925316214084062	(-18.5044, 0.259033)	(-10.474, 8.23811)
G000009865	-9.87572498365	-1.3883120611500017	5.046207150717673	4.925316214084062	(-18.5044, 0.259033)	(-10.474, 8.23811)
G001068545	-9.87572498365	-1.3883120611500017	5.046207150717673	4.925316214084062	(-18.5044, 0.259033)	(-10.474, 8.23811)
G900113085	-9.87572498365	-1.3883120611500017	5.046207150717673	4.925316214084062	(-18.5044, 0.259033)	(-10.474, 8.23811)
G009694875	-9.87572498365	-1.3883120611500017	5.046207150717673	4.925316214084062	(-18.5044, 0.259033)	(-10.474, 8.23811)
G000173975	-9.87572498365	-1.3883120611500017	5.046207150717673	4.925316214084062	(-18.5044, 0.259033)	(-10.474, 8.23811)
G000746525	-9.87572498365	-1.3883120611500017	5.046207150717673	4.925316214084062	(-18.5044, 0.259033)	(-10.474, 8.23811)
G001432305	-9.87572498365	-1.3883120611500017	5.046207150717673	4.925316214084062	(-18.5044, 0.259033)	(-10.474, 8.23811)
G000438985	-9.87572498365	-1.3883120611500017	5.046207150717673	4.925316214084062	(-18.5044, 0.259033)	(-10.474, 8.23811)
G000620225	-9.87572498365	-1.3883120611500017	5.046207150717673	4.925316214084062	(-18.5044, 0.259033)	(-10.474, 8.23811)
G000954135	-10.514177785000001	-3.7645516074900027	1.7586395772526404	3.549644664290819	(-13.5639, -7.0561)	(-10.608, 2.12862)
G001639025	-9.87572498365	-1.3883120611500017	5.046207150717673	4.925316214084062	(-18.5044, 0.259033)	(-10.474, 8.23811)
G001314975	-9.87572498365	-1.3883120611500017	5.046207150717673	4.925316214084062	(-18.5044, 0.259033)	(-10.474, 8.23811)
G000245655	-9.87572498365	-1.3883120611500017	5.046207150717673	4.925316214084062	(-18.5044, 0.259033)	(-10.474, 8.23811)
G000383895	-9.87572498365	-1.3883120611500017	5.046207150717673	4.925316214084062	(-18.5044, 0.259033)	(-10.474, 8.23811)
G000144735	-3.8674603921499995	-3.7378440225899947	2.114198230139751	4.760172520804778	(-7.46013, 0.0570597)	(-12.4042, 5.03346)
G000367205	-9.249095642199993	-3.6068350356334986	2.40215115876597	3.8384411299984587	(-12.8036, -3.97444)	(-11.0637, 3.8257)
G000019745	-9.87572498365	-1.3883120611500017	5.046207150717673	4.925316214084062	(-18.5044, 0.259033)	(-10.474, 8.23811)
G001878775	-9.87572498365	-1.3883120611500017	5.046207150717673	4.925316214084062	(-18.5044, 0.259033)	(-10.474, 8.23811)
G004352335	-9.87572498365	-1.3883120611500017	5.046207150717673	4.925316214084062	(-18.5044, 0.259033)	(-10.474, 8.23811)
G000010125	-9.87572498365	-1.3883120611500017	5.046207150717673	4.925316214084062	(-18.5044, 0.259033)	(-10.474, 8.23811)
G002336855	-9.87572498365	-1.3883120611500017	5.046207150717673	4.925316214084062	(-18.5044, 0.259033)	(-10.474, 8.23811)
G001075215	-9.87572498365	-1.3883120611500017	5.046207150717673	4.925316214084062	(-18.5044, 0.259033)	(-10.474, 8.23811)
G900113395	-9.87572498365	-1.3883120611500017	5.046207150717673	4.925316214084062	(-18.5044, 0.259033)	(-10.474, 8.23811)
G009727125	-6.071050114349994	1.7281327976164997	4.36996959137477	4.0357019141646315	(-13.9413, 2.24189)	(-5.52073, 9.19085)
G000175235	-9.87572498365	-1.3883120611500017	5.046207150717673	4.925316214084062	(-18.5044, 0.259033)	(-10.474, 8.23811)
G000746645	-9.87572498365	-1.3883120611500017	5.046207150717673	4.925316214084062	(-18.5044, 0.259033)	(-10.474, 8.23811)
G001438925	-9.87572498365	-1.3883120611500017	5.046207150717673	4.925316214084062	(-18.5044, 0.259033)	(-10.474, 8.23811)
G000443975	-9.87572498365	-1.3883120611500017	5.046207150717673	4.925316214084062	(-18.5044, 0.259033)	(-10.474, 8.23811)
G000632455	-9.87572498365	-1.3883120611500017	5.046207150717673	4.925316214084062	(-18.5044, 0.259033)	(-10.474, 8.23811)
G000956505	-9.87572498365	-1.3883120611500017	5.046207150717673	4.925316214084062	(-18.5044, 0.259033)	(-10.474, 8.23811)
G001643095	-6.409807876600001	-2.849740295340002	3.104229048928511	4.946814337390896	(-11.3524, -0.254042)	(-11.7304, 6.95652)
G001314995	-9.87572498365	-1.3883120611500017	5.046207150717673	4.925316214084062	(-18.5044, 0.259033)	(-10.474, 8.23811)
G000245775	-9.87572498365	-1.3883120611500017	5.046207150717673	4.925316214084062	(-18.5044, 0.259033)	(-10.474, 8.23811)
G000384535	-9.87572498365	-1.3883120611500017	5.046207150717673	4.925316214084062	(-18.5044, 0.259033)	(-10.474, 8.23811)
G000145515	-3.8674603921499995	-3.7378440225899947	2.114198230139751	4.760172520804778	(-7.46013, 0.0570597)	(-12.4042, 5.03346)
G000367925	-9.87572498365	-1.3883120611500017	5.046207150717673	4.925316214084062	(-18.5044, 0.259033)	(-10.474, 8.23811)
G000019785	-9.87572498365	-1.3883120611500017	5.046207150717673	4.925316214084062	(-18.5044, 0.259033)	(-10.474, 8.23811)
G001881495	-9.87572498365	-1.3883120611500017	5.046207150717673	4.925316214084062	(-18.5044, 0.259033)	(-10.474, 8.23811)
G004352345	-9.87572498365	-1.3883120611500017	5.046207150717673	4.925316214084062	(-18.5044, 0.259033)	(-10.474, 8.23811)
G000010185	-9.87572498365	-1.3883120611500017	5.046207150717673	4.925316214084062	(-18.5044, 0.259033)	(-10.474, 8.23811)
G002337155	-9.87572498365	-1.3883120611500017	5.046207150717673	4.925316214084062	(-18.5044, 0.259033)	(-10.474, 8.23811)
G001188545	-9.249095642199993	-3.6068350356334986	2.40215115876597	3.8384411299984587	(-12.8036, -3.97444)	(-11.0637, 3.8257)
G900113645	-9.87572498365	-1.3883120611500017	5.046207150717673	4.925316214084062	(-18.5044, 0.259033)	(-10.474, 8.23811)
G009768975	-9.87572498365	-1.3883120611500017	5.046207150717673	4.925316214084062	(-18.5044, 0.259033)	(-10.474, 8.23811)
G000176855	-9.87572498365	-1.3883120611500017	5.046207150717673	4.925316214084062	(-18.5044, 0.259033)	(-10.474, 8.23811)
G000759445	-9.87572498365	-1.3883120611500017	5.046207150717673	4.925316214084062	(-18.5044, 0.259033)	(-10.474, 8.23811)
G001447195	-9.87572498365	-1.3883120611500017	5.046207150717673	4.925316214084062	(-18.5044, 0.259033)	(-10.474, 8.23811)
G000445105	-9.87572498365	-1.3883120611500017	5.046207150717673	4.925316214084062	(-18.5044, 0.259033)	(-10.474, 8.23811)
G000661955	-9.87572498365	-1.3883120611500017	5.046207150717673	4.925316214084062	(-18.5044, 0.259033)	(-10.474, 8.23811)
G000964095	-9.87572498365	-1.3883120611500017	5.046207150717673	4.925316214084062	(-18.5044, 0.259033)	(-10.474, 8.23811)
G001647675	-9.87572498365	-1.3883120611500017	5.046207150717673	4.925316214084062	(-18.5044, 0.259033)	(-10.474, 8.23811)
G001318345	-9.87572498365	-1.3883120611500017	5.046207150717673	4.925316214084062	(-18.5044, 0.259033)	(-10.474, 8.23811)
G000253275	-9.87572498365	-1.3883120611500017	5.046207150717673	4.925316214084062	(-18.5044, 0.259033)	(-10.474, 8.23811)
G000392435	-9.87572498365	-1.3883120611500017	5.046207150717673	4.925316214084062	(-18.5044, 0.259033)	(-10.474, 8.23811)
G000145555	-3.8674603921499995	-3.7378440225899947	2.114198230139751	4.760172520804778	(-7.46013, 0.0570597)	(-12.4042, 5.03346)
G000368025	-9.87572498365	-1.3883120611500017	5.046207150717673	4.925316214084062	(-18.5044, 0.259033)	(-10.474, 8.23811)
G000019945	-7.131579511750002	-2.9832975459749993	2.8822238493726076	4.513078630969125	(-11.7076, -1.30749)	(-11.5008, 5.84526)
G001885765	-9.87572498365	-1.3883120611500017	5.046207150717673	4.925316214084062	(-18.5044, 0.259033)	(-10.474, 8.23811)
G000010425	-9.87572498365	-1.3883120611500017	5.046207150717673	4.925316214084062	(-18.5044, 0.259033)	(-10.474, 8.23811)
G004352485	-9.87572498365	-1.3883120611500017	5.046207150717673	4.925316214084062	(-18.5044, 0.259033)	(-10.474, 8.23811)
G002354895	-9.87572498365	-1.3883120611500017	5.046207150717673	4.925316214084062	(-18.5044, 0.259033)	(-10.474, 8.23811)
G001191005	-9.87572498365	-1.3883120611500017	5.046207150717673	4.925316214084062	(-18.5044, 0.259033)	(-10.474, 8.23811)
G900114705	-9.87572498365	-1.3883120611500017	5.046207150717673	4.925316214084062	(-18.5044, 0.259033)	(-10.474, 8.23811)
G000183345	-11.250864170555015	2.1231235845900005	3.31015226167411	2.7895582991229753	(-17.4169, -5.34631)	(-2.63907, 7.79746)
G009859475	-9.87572498365	-1.3883120611500017	5.046207150717673	4.925316214084062	(-18.5044, 0.259033)	(-10.474, 8.23811)
G000768065	-9.87572498365	-1.3883120611500017	5.046207150717673	4.925316214084062	(-18.5044, 0.259033)	(-10.474, 8.23811)
G001450355	-9.87572498365	-1.3883120611500017	5.046207150717673	4.925316214084062	(-18.5044, 0.259033)	(-10.474, 8.23811)
G000445145	-9.87572498365	-1.3883120611500017	5.046207150717673	4.925316214084062	(-18.5044, 0.259033)	(-10.474, 8.23811)
G000688115	-9.87572498365	-1.3883120611500017	5.046207150717673	4.925316214084062	(-18.5044, 0.259033)	(-10.474, 8.23811)
G000967825	-5.828413318375003	-4.327730417004996	2.063250975410074	4.101825825154425	(-9.00891, -1.51682)	(-11.6479, 3.95832)
G001665955	-9.87572498365	-1.3883120611500017	5.046207150717673	4.925316214084062	(-18.5044, 0.259033)	(-10.474, 8.23811)
G001398415	-9.87572498365	-1.3883120611500017	5.046207150717673	4.925316214084062	(-18.5044, 0.259033)	(-10.474, 8.23811)
G000253395	-9.87572498365	-1.3883120611500017	5.046207150717673	4.925316214084062	(-18.5044, 0.259033)	(-10.474, 8.23811)
G000400735	-9.87572498365	-1.3883120611500017	5.046207150717673	4.925316214084062	(-18.5044, 0.259033)	(-10.474, 8.23811)
G000153905	-9.87572498365	-1.3883120611500017	5.046207150717673	4.925316214084062	(-18.5044, 0.259033)	(-10.474, 8.23811)
G000368565	-9.87572498365	-1.3883120611500017	5.046207150717673	4.925316214084062	(-18.5044, 0.259033)	(-10.474, 8.23811)
G000020225	-9.87572498365	-1.3883120611500017	5.046207150717673	4.925316214084062	(-18.5044, 0.259033)	(-10.474, 8.23811)
G001897305	-9.87572498365	-1.3883120611500017	5.046207150717673	4.925316214084062	(-18.5044, 0.259033)	(-10.474, 8.23811)
G000011065	-9.87572498365	-1.3883120611500017	5.046207150717673	4.925316214084062	(-18.5044, 0.259033)	(-10.474, 8.23811)
G004352505	-9.87572498365	-1.3883120611500017	5.046207150717673	4.925316214084062	(-18.5044, 0.259033)	(-10.474, 8.23811)
G002741075	-9.87572498365	-1.3883120611500017	5.046207150717673	4.925316214084062	(-18.5044, 0.259033)	(-10.474, 8.23811)
G001192655	-9.87572498365	-1.3883120611500017	5.046207150717673	4.925316214084062	(-18.5044, 0.259033)	(-10.474, 8.23811)
G900116265	-9.87572498365	-1.3883120611500017	5.046207150717673	4.925316214084062	(-18.5044, 0.259033)	(-10.474, 8.23811)
G000183685	-9.87572498365	-1.3883120611500017	5.046207150717673	4.925316214084062	(-18.5044, 0.259033)	(-10.474, 8.23811)
G009867145	-9.87572498365	-1.3883120611500017	5.046207150717673	4.925316214084062	(-18.5044, 0.259033)	(-10.474, 8.23811)
G000777575	-12.196224218500022	2.960750025549999	2.412322037227503	2.3898877859083476	(-18.1625, -8.73762)	(-0.613666, 8.31764)
G000447205	-9.87572498365	-1.3883120611500017	5.046207150717673	4.925316214084062	(-18.5044, 0.259033)	(-10.474, 8.23811)
G001457475	-9.102382517449994	-3.4288097110354974	2.635757036315565	3.7395391819482993	(-12.9848, -4.39392)	(-10.7414, 4.18468)
G000688255	-9.87572498365	-1.3883120611500017	5.046207150717673	4.925316214084062	(-18.5044, 0.259033)	(-10.474, 8.23811)
G000972765	-9.87572498365	-1.3883120611500017	5.046207150717673	4.925316214084062	(-18.5044, 0.259033)	(-10.474, 8.23811)
G001679275	-10.786699367900017	0.985296830205001	3.673543206353108	3.1982736816200075	(-16.9271, -2.64766)	(-5.66462, 7.00582)
G001404455	-9.87572498365	-1.3883120611500017	5.046207150717673	4.925316214084062	(-18.5044, 0.259033)	(-10.474, 8.23811)
G000282995	-10.514177785000001	-3.7645516074900027	1.7586395772526404	3.549644664290819	(-13.5639, -7.0561)	(-10.608, 2.12862)
G000411375	-9.87572498365	-1.3883120611500017	5.046207150717673	4.925316214084062	(-18.5044, 0.259033)	(-10.474, 8.23811)
G000154205	-10.443056586750009	-3.7930622162050067	2.2002073627990155	3.47575115897089	(-14.5065, -7.79626)	(-10.6096, 2.03816)
G000368625	-6.6927418720999965	-2.786745270790001	2.8975315631475262	4.749582884646033	(-11.0432, -0.46654)	(-11.7263, 6.02801)
G000020605	-7.389496669803266	1.3330714663500007	4.184324589800772	3.7990941251799826	(-15.1976, 0.463041)	(-6.04654, 8.00216)
G001902615	-9.87572498365	-1.3883120611500017	5.046207150717673	4.925316214084062	(-18.5044, 0.259033)	(-10.474, 8.23811)
G004796175	-7.253248798929998	1.3868716901099976	4.3409635761957635	3.794149079858817	(-14.804, 0.703022)	(-5.5176, 8.64062)
G000012005	-8.370321806750002	1.2072930923649996	4.407213978532171	3.5891991174255553	(-15.5345, 0.513507)	(-5.86375, 7.87717)
G002943475	-9.87572498365	-1.3883120611500017	5.046207150717673	4.925316214084062	(-18.5044, 0.259033)	(-10.474, 8.23811)
G001270065	-9.87572498365	-1.3883120611500017	5.046207150717673	4.925316214084062	(-18.5044, 0.259033)	(-10.474, 8.23811)
G900129415	-9.87572498365	-1.3883120611500017	5.046207150717673	4.925316214084062	(-18.5044, 0.259033)	(-10.474, 8.23811)
G000184745	-9.87572498365	-1.3883120611500017	5.046207150717673	4.925316214084062	(-18.5044, 0.259033)	(-10.474, 8.23811)
G009937955	-9.87572498365	-1.3883120611500017	5.046207150717673	4.925316214084062	(-18.5044, 0.259033)	(-10.474, 8.23811)
G000777875	-11.3502700325	1.2399013548805005	3.417808743144146	2.9658367216211654	(-17.2009, -4.27815)	(-4.34234, 7.05047)
G000454045	-9.87572498365	-1.3883120611500017	5.046207150717673	4.925316214084062	(-18.5044, 0.259033)	(-10.474, 8.23811)
G001471555	-9.87572498365	-1.3883120611500017	5.046207150717673	4.925316214084062	(-18.5044, 0.259033)	(-10.474, 8.23811)
G000688415	-9.87572498365	-1.3883120611500017	5.046207150717673	4.925316214084062	(-18.5044, 0.259033)	(-10.474, 8.23811)
G000973625	-9.87572498365	-1.3883120611500017	5.046207150717673	4.925316214084062	(-18.5044, 0.259033)	(-10.474, 8.23811)
G001705175	-9.87572498365	-1.3883120611500017	5.046207150717673	4.925316214084062	(-18.5044, 0.259033)	(-10.474, 8.23811)
G001404695	-9.87572498365	-1.3883120611500017	5.046207150717673	4.925316214084062	(-18.5044, 0.259033)	(-10.474, 8.23811)
G000284255	-9.87572498365	-1.3883120611500017	5.046207150717673	4.925316214084062	(-18.5044, 0.259033)	(-10.474, 8.23811)
G000423885	-9.87572498365	-1.3883120611500017	5.046207150717673	4.925316214084062	(-18.5044, 0.259033)	(-10.474, 8.23811)
G000154345	-9.87572498365	-1.3883120611500017	5.046207150717673	4.925316214084062	(-18.5044, 0.259033)	(-10.474, 8.23811)
G000368825	-9.87572498365	-1.3883120611500017	5.046207150717673	4.925316214084062	(-18.5044, 0.259033)	(-10.474, 8.23811)
G000021025	-9.87572498365	-1.3883120611500017	5.046207150717673	4.925316214084062	(-18.5044, 0.259033)	(-10.474, 8.23811)
G004797125	-9.87572498365	-1.3883120611500017	5.046207150717673	4.925316214084062	(-18.5044, 0.259033)	(-10.474, 8.23811)
G001914135	-9.87572498365	-1.3883120611500017	5.046207150717673	4.925316214084062	(-18.5044, 0.259033)	(-10.474, 8.23811)
G000012825	-9.791194713049984	1.2207535119400041	4.00165679948547	3.400019609067611	(-16.1889, -1.3314)	(-5.52421, 7.36842)
G003065365	-9.87572498365	-1.3883120611500017	5.046207150717673	4.925316214084062	(-18.5044, 0.259033)	(-10.474, 8.23811)
G001275345	-4.135053213415009	-0.39648477265500004	2.834953301237278	3.742137307846849	(-8.71663, 1.26035)	(-6.89948, 7.1124)
G900184925	-1.2271105250000005	0.0010542629480499997	0.01089733420036181	0.014999080860476839	(-1.24888, -1.20824)	(-0.0281051, 0.0283127)
G000185505	-9.87572498365	-1.3883120611500017	5.046207150717673	4.925316214084062	(-18.5044, 0.259033)	(-10.474, 8.23811)
G009938305	-9.87572498365	-1.3883120611500017	5.046207150717673	4.925316214084062	(-18.5044, 0.259033)	(-10.474, 8.23811)
G000778805	-11.254197012999992	2.1581969664835	3.027474014549452	2.6660314271324848	(-17.0842, -4.91028)	(-2.78391, 7.52958)
G000463665	-9.249095642199993	-3.6068350356334986	2.40215115876597	3.8384411299984587	(-12.8036, -3.97444)	(-11.0637, 3.8257)
G001477625	-9.87572498365	-1.3883120611500017	5.046207150717673	4.925316214084062	(-18.5044, 0.259033)	(-10.474, 8.23811)
G000980235	-9.87572498365	-1.3883120611500017	5.046207150717673	4.925316214084062	(-18.5044, 0.259033)	(-10.474, 8.23811)
G000689195	-9.87572498365	-1.3883120611500017	5.046207150717673	4.925316214084062	(-18.5044, 0.259033)	(-10.474, 8.23811)
G001705425	-9.87572498365	-1.3883120611500017	5.046207150717673	4.925316214084062	(-18.5044, 0.259033)	(-10.474, 8.23811)
G001405375	-9.87572498365	-1.3883120611500017	5.046207150717673	4.925316214084062	(-18.5044, 0.259033)	(-10.474, 8.23811)
G000294575	-9.87572498365	-1.3883120611500017	5.046207150717673	4.925316214084062	(-18.5044, 0.259033)	(-10.474, 8.23811)
G000428125	-9.87572498365	-1.3883120611500017	5.046207150717673	4.925316214084062	(-18.5044, 0.259033)	(-10.474, 8.23811)
G000154465	-9.87572498365	-1.3883120611500017	5.046207150717673	4.925316214084062	(-18.5044, 0.259033)	(-10.474, 8.23811)
G000368865	-9.87572498365	-1.3883120611500017	5.046207150717673	4.925316214084062	(-18.5044, 0.259033)	(-10.474, 8.23811)
G000022305	-9.87572498365	-1.3883120611500017	5.046207150717673	4.925316214084062	(-18.5044, 0.259033)	(-10.474, 8.23811)
G005503335	-9.87572498365	-1.3883120611500017	5.046207150717673	4.925316214084062	(-18.5044, 0.259033)	(-10.474, 8.23811)
G001915695	-9.87572498365	-1.3883120611500017	5.046207150717673	4.925316214084062	(-18.5044, 0.259033)	(-10.474, 8.23811)
G000012845	-9.87572498365	-1.3883120611500017	5.046207150717673	4.925316214084062	(-18.5044, 0.259033)	(-10.474, 8.23811)
G003072045	-9.87572498365	-1.3883120611500017	5.046207150717673	4.925316214084062	(-18.5044, 0.259033)	(-10.474, 8.23811)
G001276625	-11.48282565199999	1.2987103972285001	3.3042381784036574	2.8620310721019293	(-17.3594, -4.5864)	(-3.87068, 7.25508)
G900227605	-9.87572498365	-1.3883120611500017	5.046207150717673	4.925316214084062	(-18.5044, 0.259033)	(-10.474, 8.23811)
G000186205	-9.87572498365	-1.3883120611500017	5.046207150717673	4.925316214084062	(-18.5044, 0.259033)	(-10.474, 8.23811)
G010020825	-7.95164805864999	-3.225134986349998	3.097292885870889	4.220152709212322	(-12.3243, -1.65648)	(-11.6962, 4.59568)
G000779535	-8.370321806750002	1.2072930923649996	4.407213978532171	3.5891991174255553	(-15.5345, 0.513507)	(-5.86375, 7.87717)
G000466565	-9.87572498365	-1.3883120611500017	5.046207150717673	4.925316214084062	(-18.5044, 0.259033)	(-10.474, 8.23811)
G001483865	-9.87572498365	-1.3883120611500017	5.046207150717673	4.925316214084062	(-18.5044, 0.259033)	(-10.474, 8.23811)
G001005215	-9.87572498365	-1.3883120611500017	5.046207150717673	4.925316214084062	(-18.5044, 0.259033)	(-10.474, 8.23811)
G000689415	-9.87572498365	-1.3883120611500017	5.046207150717673	4.925316214084062	(-18.5044, 0.259033)	(-10.474, 8.23811)
G001708485	-11.283898554299988	1.1804090395405011	3.4350063330230545	2.815903335097043	(-16.995, -3.87372)	(-4.42159, 6.57743)
G001406335	-9.87572498365	-1.3883120611500017	5.046207150717673	4.925316214084062	(-18.5044, 0.259033)	(-10.474, 8.23811)
G000296405	-9.249095642199993	-3.6068350356334986	2.40215115876597	3.8384411299984587	(-12.8036, -3.97444)	(-11.0637, 3.8257)
G000434535	-9.87572498365	-1.3883120611500017	5.046207150717673	4.925316214084062	(-18.5044, 0.259033)	(-10.474, 8.23811)
G000154845	-9.87572498365	-1.3883120611500017	5.046207150717673	4.925316214084062	(-18.5044, 0.259033)	(-10.474, 8.23811)
G000368905	-9.87572498365	-1.3883120611500017	5.046207150717673	4.925316214084062	(-18.5044, 0.259033)	(-10.474, 8.23811)
G000022905	-9.87572498365	-1.3883120611500017	5.046207150717673	4.925316214084062	(-18.5044, 0.259033)	(-10.474, 8.23811)
G005845345	-9.87572498365	-1.3883120611500017	5.046207150717673	4.925316214084062	(-18.5044, 0.259033)	(-10.474, 8.23811)
G001917065	-9.87572498365	-1.3883120611500017	5.046207150717673	4.925316214084062	(-18.5044, 0.259033)	(-10.474, 8.23811)
G000013325	-9.87572498365	-1.3883120611500017	5.046207150717673	4.925316214084062	(-18.5044, 0.259033)	(-10.474, 8.23811)
G003194085	-9.87572498365	-1.3883120611500017	5.046207150717673	4.925316214084062	(-18.5044, 0.259033)	(-10.474, 8.23811)
G001283625	-11.250864170555015	2.1231235845900005	3.31015226167411	2.7895582991229753	(-17.4169, -5.34631)	(-2.63907, 7.79746)
G900416805	-9.87572498365	-1.3883120611500017	5.046207150717673	4.925316214084062	(-18.5044, 0.259033)	(-10.474, 8.23811)
G000187895	-10.443056586750009	-3.7930622162050067	2.2002073627990155	3.47575115897089	(-14.5065, -7.79626)	(-10.6096, 2.03816)
G010500925	-1.0471450549999988	0.004761125057699998	0.009871484746327423	0.014058541487225728	(-1.06555, -1.02823)	(-0.0223031, 0.0301385)
G000781475	-11.205279826999988	1.2066493335979993	3.681222841079812	2.963895675901273	(-17.2283, -2.85941)	(-4.98832, 6.24206)
G000466825	-9.87572498365	-1.3883120611500017	5.046207150717673	4.925316214084062	(-18.5044, 0.259033)	(-10.474, 8.23811)
G001484935	-6.5112373805299955	-2.4638574795699992	3.1718972592468058	4.7224641499991735	(-11.7764, -0.0166825)	(-11.2879, 6.23362)
G001022135	-9.87572498365	-1.3883120611500017	5.046207150717673	4.925316214084062	(-18.5044, 0.259033)	(-10.474, 8.23811)
G000699505	-9.87572498365	-1.3883120611500017	5.046207150717673	4.925316214084062	(-18.5044, 0.259033)	(-10.474, 8.23811)
G001714725	-9.87572498365	-1.3883120611500017	5.046207150717673	4.925316214084062	(-18.5044, 0.259033)	(-10.474, 8.23811)
G001412575	-9.87572498365	-1.3883120611500017	5.046207150717673	4.925316214084062	(-18.5044, 0.259033)	(-10.474, 8.23811)
G000299455	-11.250864170555015	2.1231235845900005	3.31015226167411	2.7895582991229753	(-17.4169, -5.34631)	(-2.63907, 7.79746)
G000435555	-7.889326890949993	2.252809435940003	3.867480778075776	3.395157403170059	(-14.8405, -0.877417)	(-4.64723, 8.02806)
G000155205	-9.87572498365	-1.3883120611500017	5.046207150717673	4.925316214084062	(-18.5044, 0.259033)	(-10.474, 8.23811)
G000368925	-9.87572498365	-1.3883120611500017	5.046207150717673	4.925316214084062	(-18.5044, 0.259033)	(-10.474, 8.23811)
G000023065	-9.87572498365	-1.3883120611500017	5.046207150717673	4.925316214084062	(-18.5044, 0.259033)	(-10.474, 8.23811)
G006438775	-9.87572498365	-1.3883120611500017	5.046207150717673	4.925316214084062	(-18.5044, 0.259033)	(-10.474, 8.23811)
G000013605	-9.87572498365	-1.3883120611500017	5.046207150717673	4.925316214084062	(-18.5044, 0.259033)	(-10.474, 8.23811)
G001941805	-9.87572498365	-1.3883120611500017	5.046207150717673	4.925316214084062	(-18.5044, 0.259033)	(-10.474, 8.23811)
G003269315	-2.0705798050000044	0.05644088596950002	0.02903942262359868	0.03987324038096681	(-2.1243, -2.01519)	(-0.0156353, 0.134273)
G001293525	-9.87572498365	-1.3883120611500017	5.046207150717673	4.925316214084062	(-18.5044, 0.259033)	(-10.474, 8.23811)
G901000775	-9.87572498365	-1.3883120611500017	5.046207150717673	4.925316214084062	(-18.5044, 0.259033)	(-10.474, 8.23811)
G000196015	-9.87572498365	-1.3883120611500017	5.046207150717673	4.925316214084062	(-18.5044, 0.259033)	(-10.474, 8.23811)
G011106855	-9.87572498365	-1.3883120611500017	5.046207150717673	4.925316214084062	(-18.5044, 0.259033)	(-10.474, 8.23811)
G000785515	-9.87572498365	-1.3883120611500017	5.046207150717673	4.925316214084062	(-18.5044, 0.259033)	(-10.474, 8.23811)
G000475335	-9.87572498365	-1.3883120611500017	5.046207150717673	4.925316214084062	(-18.5044, 0.259033)	(-10.474, 8.23811)
G001499755	-10.514177785000001	-3.7645516074900027	1.7586395772526404	3.549644664290819	(-13.5639, -7.0561)	(-10.608, 2.12862)
G001022195	-9.87572498365	-1.3883120611500017	5.046207150717673	4.925316214084062	(-18.5044, 0.259033)	(-10.474, 8.23811)
G000720335	-9.87572498365	-1.3883120611500017	5.046207150717673	4.925316214084062	(-18.5044, 0.259033)	(-10.474, 8.23811)
G001412595	-9.87572498365	-1.3883120611500017	5.046207150717673	4.925316214084062	(-18.5044, 0.259033)	(-10.474, 8.23811)
G001747495	-1.5114404650000006	-0.018884999885900037	0.017584295426140185	0.0251462247223535	(-1.5459, -1.47867)	(-0.0651725, 0.030356)
G000308395	-9.87572498365	-1.3883120611500017	5.046207150717673	4.925316214084062	(-18.5044, 0.259033)	(-10.474, 8.23811)
G000436135	-11.3502700325	1.2399013548805005	3.417808743144146	2.9658367216211654	(-17.2009, -4.27815)	(-4.34234, 7.05047)
G000155875	-9.87572498365	-1.3883120611500017	5.046207150717673	4.925316214084062	(-18.5044, 0.259033)	(-10.474, 8.23811)
G000369005	-9.87572498365	-1.3883120611500017	5.046207150717673	4.925316214084062	(-18.5044, 0.259033)	(-10.474, 8.23811)
G000023205	-8.85520542999999	-4.816354414750005	1.1836787643203772	3.280436649688946	(-10.955, -6.84152)	(-11.3858, 0.976912)
G006974105	-9.87572498365	-1.3883120611500017	5.046207150717673	4.925316214084062	(-18.5044, 0.259033)	(-10.474, 8.23811)
G001955715	-9.87572498365	-1.3883120611500017	5.046207150717673	4.925316214084062	(-18.5044, 0.259033)	(-10.474, 8.23811)
G000013625	-9.87572498365	-1.3883120611500017	5.046207150717673	4.925316214084062	(-18.5044, 0.259033)	(-10.474, 8.23811)
G003324125	-9.87572498365	-1.3883120611500017	5.046207150717673	4.925316214084062	(-18.5044, 0.259033)	(-10.474, 8.23811)
G001294445	-9.87572498365	-1.3883120611500017	5.046207150717673	4.925316214084062	(-18.5044, 0.259033)	(-10.474, 8.23811)
G902363055	-7.925558438749995	-3.197352328460004	2.855019173643848	4.437589977445488	(-12.4496, -2.08004)	(-11.7112, 5.40684)
G000204195	-9.87572498365	-1.3883120611500017	5.046207150717673	4.925316214084062	(-18.5044, 0.259033)	(-10.474, 8.23811)
G011299095	-9.87572498365	-1.3883120611500017	5.046207150717673	4.925316214084062	(-18.5044, 0.259033)	(-10.474, 8.23811)
G000813765	-9.87572498365	-1.3883120611500017	5.046207150717673	4.925316214084062	(-18.5044, 0.259033)	(-10.474, 8.23811)
G000477935	-9.87572498365	-1.3883120611500017	5.046207150717673	4.925316214084062	(-18.5044, 0.259033)	(-10.474, 8.23811)
G001514435	-9.87572498365	-1.3883120611500017	5.046207150717673	4.925316214084062	(-18.5044, 0.259033)	(-10.474, 8.23811)
G001025175	-9.87572498365	-1.3883120611500017	5.046207150717673	4.925316214084062	(-18.5044, 0.259033)	(-10.474, 8.23811)
G000723465	-9.87572498365	-1.3883120611500017	5.046207150717673	4.925316214084062	(-18.5044, 0.259033)	(-10.474, 8.23811)
G001421805	-9.87572498365	-1.3883120611500017	5.046207150717673	4.925316214084062	(-18.5044, 0.259033)	(-10.474, 8.23811)
G001758345	-9.87572498365	-1.3883120611500017	5.046207150717673	4.925316214084062	(-18.5044, 0.259033)	(-10.474, 8.23811)
G000436435	-4.716954898381496	-2.2260382797025002	3.0829634154955614	4.7982189199851115	(-9.6451, 1.06049)	(-11.6603, 6.30886)
G000310185	-9.87572498365	-1.3883120611500017	5.046207150717673	4.925316214084062	(-18.5044, 0.259033)	(-10.474, 8.23811)
G000156535	-9.87572498365	-1.3883120611500017	5.046207150717673	4.925316214084062	(-18.5044, 0.259033)	(-10.474, 8.23811)
G000369105	-9.87572498365	-1.3883120611500017	5.046207150717673	4.925316214084062	(-18.5044, 0.259033)	(-10.474, 8.23811)
G000024105	-9.87572498365	-1.3883120611500017	5.046207150717673	4.925316214084062	(-18.5044, 0.259033)	(-10.474, 8.23811)
G007378985	-9.87572498365	-1.3883120611500017	5.046207150717673	4.925316214084062	(-18.5044, 0.259033)	(-10.474, 8.23811)
G002002905	-9.87572498365	-1.3883120611500017	5.046207150717673	4.925316214084062	(-18.5044, 0.259033)	(-10.474, 8.23811)
G000015505	-9.87572498365	-1.3883120611500017	5.046207150717673	4.925316214084062	(-18.5044, 0.259033)	(-10.474, 8.23811)
G003435865	-9.87572498365	-1.3883120611500017	5.046207150717673	4.925316214084062	(-18.5044, 0.259033)	(-10.474, 8.23811)
G001295795	-9.87572498365	-1.3883120611500017	5.046207150717673	4.925316214084062	(-18.5044, 0.259033)	(-10.474, 8.23811)
G902363685	-9.87572498365	-1.3883120611500017	5.046207150717673	4.925316214084062	(-18.5044, 0.259033)	(-10.474, 8.23811)
G000204235	-9.87572498365	-1.3883120611500017	5.046207150717673	4.925316214084062	(-18.5044, 0.259033)	(-10.474, 8.23811)
G011305995	-9.87572498365	-1.3883120611500017	5.046207150717673	4.925316214084062	(-18.5044, 0.259033)	(-10.474, 8.23811)
G000816495	-9.87572498365	-1.3883120611500017	5.046207150717673	4.925316214084062	(-18.5044, 0.259033)	(-10.474, 8.23811)
G000483005	-9.87572498365	-1.3883120611500017	5.046207150717673	4.925316214084062	(-18.5044, 0.259033)	(-10.474, 8.23811)
G001543265	-9.87572498365	-1.3883120611500017	5.046207150717673	4.925316214084062	(-18.5044, 0.259033)	(-10.474, 8.23811)
G001028525	-9.87572498365	-1.3883120611500017	5.046207150717673	4.925316214084062	(-18.5044, 0.259033)	(-10.474, 8.23811)
G000723745	-9.87572498365	-1.3883120611500017	5.046207150717673	4.925316214084062	(-18.5044, 0.259033)	(-10.474, 8.23811)
G001423045	-9.87572498365	-1.3883120611500017	5.046207150717673	4.925316214084062	(-18.5044, 0.259033)	(-10.474, 8.23811)
G001761345	-9.87572498365	-1.3883120611500017	5.046207150717673	4.925316214084062	(-18.5044, 0.259033)	(-10.474, 8.23811)
G000436775	-9.87572498365	-1.3883120611500017	5.046207150717673	4.925316214084062	(-18.5044, 0.259033)	(-10.474, 8.23811)
G000314575	-9.87572498365	-1.3883120611500017	5.046207150717673	4.925316214084062	(-18.5044, 0.259033)	(-10.474, 8.23811)
G000156595	-9.87572498365	-1.3883120611500017	5.046207150717673	4.925316214084062	(-18.5044, 0.259033)	(-10.474, 8.23811)
G000369145	-9.87572498365	-1.3883120611500017	5.046207150717673	4.925316214084062	(-18.5044, 0.259033)	(-10.474, 8.23811)
G000026125	-9.87572498365	-1.3883120611500017	5.046207150717673	4.925316214084062	(-18.5044, 0.259033)	(-10.474, 8.23811)
G007655255	-9.87572498365	-1.3883120611500017	5.046207150717673	4.925316214084062	(-18.5044, 0.259033)	(-10.474, 8.23811)
G002017865	-9.87572498365	-1.3883120611500017	5.046207150717673	4.925316214084062	(-18.5044, 0.259033)	(-10.474, 8.23811)
G000016345	-9.87572498365	-1.3883120611500017	5.046207150717673	4.925316214084062	(-18.5044, 0.259033)	(-10.474, 8.23811)
G003479885	-9.87572498365	-1.3883120611500017	5.046207150717673	4.925316214084062	(-18.5044, 0.259033)	(-10.474, 8.23811)
G001295865	-9.87572498365	-1.3883120611500017	5.046207150717673	4.925316214084062	(-18.5044, 0.259033)	(-10.474, 8.23811)
G902826025	-9.87572498365	-1.3883120611500017	5.046207150717673	4.925316214084062	(-18.5044, 0.259033)	(-10.474, 8.23811)
G000204415	-9.87572498365	-1.3883120611500017	5.046207150717673	4.925316214084062	(-18.5044, 0.259033)	(-10.474, 8.23811)
G011754225	-9.87572498365	-1.3883120611500017	5.046207150717673	4.925316214084062	(-18.5044, 0.259033)	(-10.474, 8.23811)
G000818395	-9.87572498365	-1.3883120611500017	5.046207150717673	4.925316214084062	(-18.5044, 0.259033)	(-10.474, 8.23811)
G000485495	-9.87572498365	-1.3883120611500017	5.046207150717673	4.925316214084062	(-18.5044, 0.259033)	(-10.474, 8.23811)
G001028545	-9.87572498365	-1.3883120611500017	5.046207150717673	4.925316214084062	(-18.5044, 0.259033)	(-10.474, 8.23811)
G001543285	-9.87572498365	-1.3883120611500017	5.046207150717673	4.925316214084062	(-18.5044, 0.259033)	(-10.474, 8.23811)
G000737695	-9.87572498365	-1.3883120611500017	5.046207150717673	4.925316214084062	(-18.5044, 0.259033)	(-10.474, 8.23811)
G001423765	-9.87572498365	-1.3883120611500017	5.046207150717673	4.925316214084062	(-18.5044, 0.259033)	(-10.474, 8.23811)
G001761465	-9.87572498365	-1.3883120611500017	5.046207150717673	4.925316214084062	(-18.5044, 0.259033)	(-10.474, 8.23811)
G000437995	-9.87572498365	-1.3883120611500017	5.046207150717673	4.925316214084062	(-18.5044, 0.259033)	(-10.474, 8.23811)
G000314675	-9.87572498365	-1.3883120611500017	5.046207150717673	4.925316214084062	(-18.5044, 0.259033)	(-10.474, 8.23811)
G000157935	-5.707699178059989	1.8010629816999968	4.0505152622406015	4.029590756153126	(-12.9043, 1.90221)	(-6.41059, 8.69267)
G000372185	-9.87572498365	-1.3883120611500017	5.046207150717673	4.925316214084062	(-18.5044, 0.259033)	(-10.474, 8.23811)
G000026325	-11.250864170555015	2.1231235845900005	3.31015226167411	2.7895582991229753	(-17.4169, -5.34631)	(-2.63907, 7.79746)
G007998125	-11.250864170555015	2.1231235845900005	3.31015226167411	2.7895582991229753	(-17.4169, -5.34631)	(-2.63907, 7.79746)
G002028455	-9.87572498365	-1.3883120611500017	5.046207150717673	4.925316214084062	(-18.5044, 0.259033)	(-10.474, 8.23811)
G003542535	-9.87572498365	-1.3883120611500017	5.046207150717673	4.925316214084062	(-18.5044, 0.259033)	(-10.474, 8.23811)
G001295905	-9.87572498365	-1.3883120611500017	5.046207150717673	4.925316214084062	(-18.5044, 0.259033)	(-10.474, 8.23811)
G000204645	-9.87572498365	-1.3883120611500017	5.046207150717673	4.925316214084062	(-18.5044, 0.259033)	(-10.474, 8.23811)
G012161415	-9.87572498365	-1.3883120611500017	5.046207150717673	4.925316214084062	(-18.5044, 0.259033)	(-10.474, 8.23811)
G000833575	-9.87572498365	-1.3883120611500017	5.046207150717673	4.925316214084062	(-18.5044, 0.259033)	(-10.474, 8.23811)
G000488195	-9.87572498365	-1.3883120611500017	5.046207150717673	4.925316214084062	(-18.5044, 0.259033)	(-10.474, 8.23811)
G001028585	-9.87572498365	-1.3883120611500017	5.046207150717673	4.925316214084062	(-18.5044, 0.259033)	(-10.474, 8.23811)
G001553935	-9.249095642199993	-3.6068350356334986	2.40215115876597	3.8384411299984587	(-12.8036, -3.97444)	(-11.0637, 3.8257)
G000739375	-9.87572498365	-1.3883120611500017	5.046207150717673	4.925316214084062	(-18.5044, 0.259033)	(-10.474, 8.23811)
G001423885	-9.87572498365	-1.3883120611500017	5.046207150717673	4.925316214084062	(-18.5044, 0.259033)	(-10.474, 8.23811)
G001771065	-9.87572498365	-1.3883120611500017	5.046207150717673	4.925316214084062	(-18.5044, 0.259033)	(-10.474, 8.23811)
G000315445	-9.87572498365	-1.3883120611500017	5.046207150717673	4.925316214084062	(-18.5044, 0.259033)	(-10.474, 8.23811)
G000159075	-9.87572498365	-1.3883120611500017	5.046207150717673	4.925316214084062	(-18.5044, 0.259033)	(-10.474, 8.23811)
G000372265	-9.87572498365	-1.3883120611500017	5.046207150717673	4.925316214084062	(-18.5044, 0.259033)	(-10.474, 8.23811)
G008012255	-9.87572498365	-1.3883120611500017	5.046207150717673	4.925316214084062	(-18.5044, 0.259033)	(-10.474, 8.23811)
G000026345	-11.250864170555015	2.1231235845900005	3.31015226167411	2.7895582991229753	(-17.4169, -5.34631)	(-2.63907, 7.79746)
G002070005	-9.87572498365	-1.3883120611500017	5.046207150717673	4.925316214084062	(-18.5044, 0.259033)	(-10.474, 8.23811)
G003860485	-9.87572498365	-1.3883120611500017	5.046207150717673	4.925316214084062	(-18.5044, 0.259033)	(-10.474, 8.23811)
G001298675	-9.87572498365	-1.3883120611500017	5.046207150717673	4.925316214084062	(-18.5044, 0.259033)	(-10.474, 8.23811)
G000219275	-6.5112373805299955	-2.4638574795699992	3.1718972592468058	4.7224641499991735	(-11.7764, -0.0166825)	(-11.2879, 6.23362)
G012357415	-11.250864170555015	2.1231235845900005	3.31015226167411	2.7895582991229753	(-17.4169, -5.34631)	(-2.63907, 7.79746)
G000488255	-9.87572498365	-1.3883120611500017	5.046207150717673	4.925316214084062	(-18.5044, 0.259033)	(-10.474, 8.23811)
G001028605	-9.87572498365	-1.3883120611500017	5.046207150717673	4.925316214084062	(-18.5044, 0.259033)	(-10.474, 8.23811)
G001553955	-10.786699367900017	0.985296830205001	3.673543206353108	3.1982736816200075	(-16.9271, -2.64766)	(-5.66462, 7.00582)
G001424265	-9.87572498365	-1.3883120611500017	5.046207150717673	4.925316214084062	(-18.5044, 0.259033)	(-10.474, 8.23811)
G001773575	-9.87572498365	-1.3883120611500017	5.046207150717673	4.925316214084062	(-18.5044, 0.259033)	(-10.474, 8.23811)
G000315525	-9.87572498365	-1.3883120611500017	5.046207150717673	4.925316214084062	(-18.5044, 0.259033)	(-10.474, 8.23811)
G000159115	-9.87572498365	-1.3883120611500017	5.046207150717673	4.925316214084062	(-18.5044, 0.259033)	(-10.474, 8.23811)
G000374625	-9.87572498365	-1.3883120611500017	5.046207150717673	4.925316214084062	(-18.5044, 0.259033)	(-10.474, 8.23811)
G008033425	-9.87572498365	-1.3883120611500017	5.046207150717673	4.925316214084062	(-18.5044, 0.259033)	(-10.474, 8.23811)
G002198735	-9.87572498365	-1.3883120611500017	5.046207150717673	4.925316214084062	(-18.5044, 0.259033)	(-10.474, 8.23811)
G000219605	-6.504643092450009	-4.761941800679996	1.9445251928009202	4.081103168538438	(-9.67217, -2.79804)	(-12.1214, 3.49584)
G000488275	-9.87572498365	-1.3883120611500017	5.046207150717673	4.925316214084062	(-18.5044, 0.259033)	(-10.474, 8.23811)
G900002825	-9.87572498365	-1.3883120611500017	5.046207150717673	4.925316214084062	(-18.5044, 0.259033)	(-10.474, 8.23811)
G000027165	-9.87572498365	-1.3883120611500017	5.046207150717673	4.925316214084062	(-18.5044, 0.259033)	(-10.474, 8.23811)
G001307195	-9.87572498365	-1.3883120611500017	5.046207150717673	4.925316214084062	(-18.5044, 0.259033)	(-10.474, 8.23811)
G001577265	-9.87572498365	-1.3883120611500017	5.046207150717673	4.925316214084062	(-18.5044, 0.259033)	(-10.474, 8.23811)
G001425785	-9.87572498365	-1.3883120611500017	5.046207150717673	4.925316214084062	(-18.5044, 0.259033)	(-10.474, 8.23811)
G000064305	-9.87572498365	-1.3883120611500017	5.046207150717673	4.925316214084062	(-18.5044, 0.259033)	(-10.474, 8.23811)
