	15336.HCC.4.Plasma	15336.HCC.12.Plasma	15336.HCC.7.Plasma	15336.CRC.11.Plasma	15336.CRC.2.Plasma	15336.HCC.13.Plasma	15336.CRC.10.Plasma	15336.CRC.1.Plasma	15336.CRC.6.Plasma	15336.HCC.1.Plasma	15336.CRC.4.Plasma	15336.HCC.11.Plasma	15336.CRC.7.Plasma	15336.HCC.6.Plasma	15336.HCC.15.Plasma	15336.HCC.10.Plasma	15336.CRC.5.Plasma	15336.CRC.3.Plasma	15336.HCC.9.Plasma	15336.HCC.8.Plasma	15336.CRC.8.Plasma	15336.HCC.2.Plasma	15336.HCC.5.Plasma	15336.CRC.9.Plasma	15336.HCC.3.Plasma
G000006865	0.0	0.0	0.0	0.0	0.0	0.0	0.0	0.0	0.0	0.0	0.0	0.0	0.0	0.0	0.0	2.0	2.0	0.0	0.0	0.0	2.0	0.0	0.0	0.0	2.0
G000006925	1.0	0.0	0.0	0.0	1.0	0.0	0.0	1.0	0.0	0.0	0.0	0.0	0.0	3.0	1.0	0.0	0.0	0.0	0.0	0.0	0.0	1.0	0.0	1.0	0.0
G000007525	4.0	0.0	8.0	0.0	14.0	0.0	4.0	22.0	8.0	0.0	0.0	0.0	0.0	26.0	0.0	0.0	6.0	2.0	5.0	6.0	2.0	6.0	10.0	6.0	2.0
G000007645	0.0	0.0	1.0	0.0	0.0	1.0	1.0	0.0	0.0	0.0	0.0	0.0	0.0	2.0	0.0	2.0	0.0	0.0	0.0	1.0	0.0	0.0	1.0	0.0	0.0
G000008345	108.0	54.0	154.0	55.0	61.0	177.0	52.0	52.0	20.0	56.0	19.0	177.0	43.0	455.0	85.0	246.0	25.0	65.0	161.0	447.0	16.0	35.0	111.0	25.0	75.0
G000008865	1.0	0.0	0.0	0.0	2.0	0.0	0.0	1.0	2.0	0.0	0.0	0.0	0.0	3.0	0.0	0.0	0.0	2.0	0.0	1.0	0.0	2.0	0.0	1.0	0.0
G000009865	0.0	0.0	0.0	0.0	0.0	0.0	0.0	0.0	0.0	0.0	0.0	0.0	0.0	0.0	0.0	0.0	0.0	0.0	0.0	0.0	0.0	0.0	0.0	0.0	4.0
G000010125	0.0	0.0	9.0	14.0	2.0	4.0	0.0	0.0	0.0	0.0	0.0	5.0	2.0	12.0	6.0	8.0	2.0	0.0	2.0	16.0	0.0	2.0	2.0	0.0	2.0
G000010185	7.0	0.0	0.0	2.0	0.0	0.0	0.0	0.0	0.0	0.0	0.0	0.0	0.0	1.0	0.0	0.0	1.0	1.0	0.0	1.0	0.0	0.0	0.0	0.0	0.0
G000010425	12.0	4.0	10.0	2.0	16.0	0.0	0.0	14.0	13.0	4.0	2.0	2.0	1.0	25.0	2.0	9.0	0.0	4.0	2.0	6.0	2.0	9.0	18.0	12.0	0.0
G000011065	3.0	1.0	2.0	0.0	2.0	0.0	3.0	3.0	5.0	2.0	0.0	0.0	1.0	3.0	0.0	1.0	0.0	0.0	2.0	1.0	1.0	0.0	3.0	0.0	3.0
G000012005	1.0	0.0	0.0	0.0	1.0	0.0	0.0	0.0	1.0	0.0	0.0	0.0	0.0	3.0	0.0	0.0	0.0	0.0	0.0	1.0	0.0	2.0	0.0	1.0	0.0
G000012825	22.0	1.0	8.0	3.0	10.0	1.0	3.0	16.0	24.0	2.0	2.0	1.0	8.0	9.0	2.0	9.0	5.0	5.0	7.0	12.0	0.0	5.0	10.0	7.0	9.0
G000012845	2.0	0.0	0.0	0.0	4.0	0.0	1.0	1.0	4.0	0.0	0.0	0.0	2.0	6.0	0.0	3.0	0.0	9.0	3.0	0.0	0.0	0.0	1.0	5.0	0.0
G000013325	0.0	0.0	0.0	7.0	0.0	0.0	2.0	0.0	0.0	0.0	0.0	0.0	0.0	1.0	0.0	0.0	0.0	0.0	0.0	1.0	0.0	0.0	0.0	0.0	0.0
G000013605	0.0	0.0	0.0	0.0	0.0	0.0	0.0	0.0	0.0	0.0	0.0	0.0	0.0	2.0	0.0	0.0	0.0	0.0	0.0	0.0	0.0	3.0	0.0	0.0	0.0
G000013625	1.0	0.0	0.0	0.0	2.0	0.0	0.0	0.0	6.0	0.0	0.0	0.0	0.0	4.0	0.0	0.0	0.0	0.0	0.0	0.0	0.0	0.0	0.0	0.0	0.0
G000015505	3.0	0.0	1.0	2.0	0.0	1.0	1.0	3.0	4.0	0.0	0.0	0.0	4.0	2.0	0.0	0.0	0.0	2.0	0.0	2.0	0.0	1.0	5.0	2.0	0.0
G000016345	1.0	0.0	1.0	0.0	1.0	1.0	0.0	0.0	2.0	1.0	0.0	0.0	0.0	3.0	1.0	2.0	0.0	1.0	0.0	0.0	0.0	0.0	0.0	1.0	2.0
G000016565	0.0	3.0	0.0	0.0	0.0	0.0	0.0	0.0	0.0	2.0	0.0	0.0	0.0	0.0	0.0	2.0	0.0	0.0	0.0	0.0	0.0	6.0	0.0	2.0	0.0
G000016645	2.0	0.0	2.0	1.0	2.0	1.0	0.0	0.0	0.0	0.0	0.0	0.0	1.0	1.0	0.0	0.0	0.0	0.0	0.0	0.0	0.0	0.0	2.0	0.0	0.0
G000018665	9.0	0.0	2.0	0.0	3.0	0.0	0.0	1.0	1.0	2.0	0.0	0.0	0.0	6.0	0.0	0.0	2.0	1.0	0.0	4.0	0.0	4.0	5.0	0.0	0.0
G000019745	1.0	0.0	1.0	0.0	0.0	0.0	0.0	0.0	0.0	1.0	0.0	0.0	0.0	0.0	1.0	2.0	0.0	0.0	0.0	0.0	0.0	0.0	0.0	0.0	0.0
G000019785	5.0	0.0	0.0	0.0	5.0	0.0	4.0	3.0	4.0	3.0	0.0	7.0	0.0	4.0	0.0	2.0	0.0	0.0	0.0	0.0	0.0	4.0	0.0	0.0	1.0
G000019945	0.0	2.0	2.0	0.0	0.0	1.0	0.0	0.0	0.0	2.0	0.0	0.0	0.0	0.0	0.0	0.0	0.0	0.0	0.0	1.0	17.0	0.0	3.0	0.0	0.0
G000020225	0.0	0.0	0.0	0.0	0.0	0.0	0.0	0.0	2.0	0.0	0.0	1.0	0.0	0.0	0.0	0.0	0.0	1.0	0.0	0.0	0.0	0.0	0.0	0.0	2.0
G000020605	12.0	0.0	4.0	0.0	2.0	0.0	0.0	2.0	4.0	0.0	2.0	2.0	4.0	21.0	2.0	2.0	0.0	2.0	0.0	14.0	0.0	6.0	2.0	3.0	5.0
G000021025	1.0	0.0	0.0	2.0	0.0	0.0	0.0	0.0	0.0	4.0	0.0	0.0	0.0	4.0	0.0	0.0	0.0	0.0	0.0	1.0	0.0	0.0	2.0	0.0	0.0
G000022305	0.0	0.0	0.0	0.0	2.0	0.0	0.0	0.0	1.0	0.0	0.0	6.0	0.0	0.0	1.0	0.0	0.0	0.0	0.0	0.0	0.0	0.0	1.0	0.0	0.0
G000022905	0.0	0.0	0.0	2.0	0.0	0.0	0.0	0.0	0.0	0.0	0.0	1.0	0.0	4.0	1.0	0.0	0.0	0.0	0.0	0.0	0.0	0.0	0.0	0.0	3.0
G000023065	0.0	0.0	0.0	0.0	0.0	0.0	0.0	4.0	7.0	0.0	0.0	2.0	0.0	2.0	0.0	0.0	0.0	0.0	0.0	0.0	4.0	0.0	1.0	0.0	0.0
G000023205	0.0	2.0	110.0	0.0	0.0	0.0	2.0	4.0	2.0	3.0	0.0	0.0	33.0	116.0	4.0	0.0	0.0	6.0	0.0	4.0	2.0	0.0	6.0	0.0	2.0
G000024105	0.0	0.0	0.0	0.0	0.0	2.0	0.0	0.0	0.0	1.0	0.0	0.0	0.0	0.0	0.0	0.0	0.0	0.0	2.0	0.0	0.0	0.0	0.0	1.0	0.0
G000026125	4.0	0.0	0.0	0.0	1.0	0.0	0.0	0.0	4.0	0.0	0.0	0.0	0.0	2.0	0.0	0.0	0.0	2.0	0.0	0.0	0.0	0.0	0.0	0.0	0.0
G000026325	1.0	0.0	0.0	0.0	2.0	0.0	0.0	1.0	0.0	0.0	0.0	0.0	0.0	2.0	0.0	0.0	0.0	1.0	0.0	1.0	0.0	2.0	0.0	1.0	0.0
G000026345	1.0	0.0	0.0	0.0	1.0	0.0	0.0	1.0	0.0	0.0	0.0	0.0	0.0	3.0	0.0	0.0	0.0	1.0	0.0	1.0	0.0	2.0	0.0	1.0	0.0
G000027165	0.0	0.0	0.0	0.0	0.0	0.0	2.0	0.0	0.0	0.0	0.0	0.0	6.0	3.0	0.0	0.0	0.0	0.0	0.0	0.0	0.0	0.0	0.0	0.0	0.0
G000064305	0.0	0.0	2.0	0.0	0.0	0.0	0.0	0.0	0.0	0.0	0.0	0.0	0.0	1.0	0.0	1.0	0.0	0.0	0.0	0.0	0.0	0.0	0.0	0.0	0.0
G000069965	6.0	0.0	0.0	0.0	6.0	0.0	4.0	4.0	0.0	0.0	4.0	0.0	4.0	2.0	0.0	2.0	0.0	4.0	0.0	6.0	2.0	0.0	0.0	0.0	0.0
G000072485	1.0	0.0	6.0	2.0	4.0	2.0	0.0	9.0	0.0	0.0	0.0	0.0	0.0	15.0	1.0	0.0	0.0	1.0	0.0	0.0	0.0	1.0	0.0	1.0	0.0
G000091545	0.0	0.0	18.0	0.0	0.0	2.0	0.0	0.0	0.0	0.0	0.0	0.0	0.0	1.0	0.0	0.0	0.0	1.0	4.0	0.0	0.0	0.0	11.0	6.0	0.0
G000091765	2.0	0.0	0.0	0.0	0.0	0.0	0.0	0.0	0.0	0.0	0.0	0.0	0.0	0.0	0.0	0.0	0.0	0.0	0.0	0.0	0.0	0.0	0.0	0.0	0.0
G000144735	100.0	50.0	137.0	52.0	52.0	167.0	48.0	46.0	22.0	54.0	16.0	144.0	46.0	406.0	81.0	212.0	25.0	58.0	143.0	414.0	19.0	30.0	106.0	25.0	67.0
G000145515	100.0	50.0	137.0	52.0	51.0	165.0	48.0	47.0	22.0	55.0	16.0	144.0	46.0	406.0	81.0	209.0	25.0	57.0	143.0	416.0	20.0	31.0	106.0	25.0	67.0
G000145555	100.0	50.0	136.0	52.0	52.0	167.0	48.0	46.0	22.0	54.0	16.0	142.0	46.0	416.0	81.0	214.0	25.0	58.0	143.0	414.0	19.0	29.0	106.0	24.0	68.0
G000153905	0.0	0.0	0.0	0.0	1.0	0.0	2.0	0.0	0.0	0.0	2.0	0.0	0.0	4.0	1.0	0.0	0.0	0.0	2.0	5.0	0.0	2.0	0.0	0.0	0.0
G000154205	16.0	0.0	7.0	1.0	8.0	0.0	4.0	16.0	14.0	0.0	2.0	0.0	2.0	14.0	6.0	0.0	0.0	4.0	7.0	0.0	2.0	8.0	4.0	8.0	7.0
G000154345	10.0	8.0	4.0	5.0	2.0	22.0	9.0	0.0	0.0	6.0	0.0	8.0	2.0	31.0	5.0	11.0	0.0	1.0	10.0	35.0	0.0	2.0	14.0	2.0	8.0
G000154465	2.0	0.0	0.0	0.0	2.0	0.0	0.0	2.0	0.0	4.0	0.0	0.0	6.0	2.0	0.0	2.0	0.0	0.0	0.0	0.0	0.0	0.0	2.0	0.0	0.0
G000154845	0.0	0.0	2.0	0.0	0.0	0.0	0.0	0.0	2.0	0.0	0.0	0.0	3.0	1.0	0.0	2.0	0.0	0.0	0.0	0.0	0.0	0.0	0.0	0.0	10.0
G000155205	0.0	0.0	0.0	0.0	2.0	0.0	0.0	0.0	0.0	0.0	0.0	0.0	0.0	2.0	0.0	0.0	0.0	0.0	0.0	0.0	0.0	2.0	0.0	0.0	0.0
G000155875	0.0	0.0	5.0	0.0	0.0	2.0	0.0	0.0	0.0	0.0	0.0	1.0	1.0	11.0	6.0	0.0	0.0	0.0	0.0	0.0	0.0	1.0	0.0	1.0	0.0
G000156535	0.0	0.0	2.0	0.0	1.0	0.0	0.0	0.0	1.0	0.0	0.0	0.0	0.0	1.0	0.0	0.0	0.0	2.0	0.0	2.0	0.0	0.0	0.0	4.0	8.0
G000156595	11.0	1.0	2.0	2.0	11.0	3.0	4.0	0.0	2.0	6.0	0.0	26.0	2.0	6.0	6.0	5.0	1.0	0.0	4.0	13.0	0.0	0.0	0.0	1.0	0.0
G000157935	0.0	4.0	5.0	0.0	0.0	0.0	0.0	3.0	9.0	3.0	0.0	0.0	6.0	16.0	0.0	0.0	2.0	2.0	3.0	3.0	0.0	10.0	5.0	4.0	6.0
G000159075	2.0	0.0	2.0	0.0	1.0	0.0	0.0	3.0	1.0	1.0	0.0	0.0	1.0	4.0	1.0	2.0	0.0	1.0	0.0	1.0	1.0	1.0	1.0	0.0	0.0
G000159115	9.0	0.0	13.0	0.0	0.0	5.0	1.0	3.0	0.0	0.0	0.0	1.0	0.0	0.0	2.0	4.0	0.0	0.0	3.0	29.0	0.0	0.0	5.0	2.0	12.0
G000162015	4.0	0.0	0.0	0.0	0.0	0.0	5.0	0.0	32.0	0.0	2.0	2.0	0.0	0.0	0.0	0.0	0.0	0.0	0.0	0.0	0.0	0.0	0.0	2.0	2.0
G000169035	0.0	0.0	0.0	0.0	0.0	1.0	0.0	21.0	2.0	0.0	0.0	0.0	0.0	6.0	0.0	1.0	0.0	1.0	0.0	0.0	0.0	0.0	1.0	1.0	0.0
G000169235	2.0	0.0	0.0	0.0	0.0	0.0	0.0	0.0	2.0	0.0	0.0	0.0	0.0	3.0	0.0	2.0	0.0	0.0	0.0	0.0	0.0	0.0	0.0	0.0	0.0
G000173975	2.0	0.0	0.0	0.0	0.0	0.0	0.0	4.0	4.0	0.0	0.0	0.0	0.0	3.0	4.0	0.0	0.0	0.0	0.0	2.0	2.0	1.0	3.0	5.0	4.0
G000175235	2.0	0.0	3.0	0.0	4.0	0.0	0.0	1.0	7.0	0.0	0.0	1.0	0.0	4.0	0.0	0.0	0.0	0.0	0.0	0.0	0.0	0.0	1.0	0.0	0.0
G000176855	1.0	0.0	0.0	0.0	0.0	0.0	0.0	1.0	2.0	0.0	0.0	0.0	0.0	0.0	0.0	0.0	0.0	2.0	0.0	0.0	0.0	0.0	3.0	0.0	0.0
G000183345	1.0	0.0	1.0	0.0	2.0	0.0	0.0	3.0	1.0	0.0	0.0	0.0	0.0	3.0	0.0	0.0	0.0	0.0	0.0	1.0	0.0	1.0	0.0	1.0	0.0
G000183685	2.0	2.0	0.0	0.0	1.0	0.0	2.0	4.0	0.0	0.0	0.0	0.0	4.0	0.0	0.0	0.0	0.0	0.0	0.0	0.0	0.0	0.0	0.0	0.0	0.0
G000184745	1.0	0.0	2.0	0.0	0.0	2.0	0.0	2.0	6.0	0.0	2.0	0.0	0.0	28.0	0.0	1.0	0.0	0.0	1.0	3.0	1.0	2.0	8.0	1.0	3.0
G000185505	0.0	0.0	1.0	0.0	0.0	2.0	0.0	0.0	1.0	0.0	0.0	1.0	0.0	3.0	0.0	0.0	0.0	1.0	0.0	2.0	0.0	0.0	2.0	0.0	0.0
G000186205	0.0	0.0	1.0	0.0	0.0	1.0	1.0	0.0	0.0	0.0	0.0	0.0	0.0	1.0	0.0	1.0	0.0	0.0	0.0	1.0	0.0	0.0	1.0	0.0	0.0
G000187895	0.0	0.0	1.0	0.0	2.0	0.0	0.0	3.0	10.0	0.0	0.0	0.0	0.0	0.0	0.0	0.0	0.0	0.0	0.0	0.0	0.0	1.0	0.0	0.0	0.0
G000196015	1.0	0.0	0.0	0.0	0.0	0.0	0.0	0.0	0.0	0.0	0.0	0.0	0.0	2.0	0.0	0.0	0.0	0.0	0.0	0.0	6.0	0.0	1.0	2.0	0.0
G000204195	1.0	0.0	1.0	0.0	2.0	0.0	0.0	2.0	4.0	0.0	0.0	0.0	1.0	2.0	0.0	0.0	0.0	1.0	3.0	2.0	0.0	0.0	0.0	0.0	0.0
G000204235	4.0	2.0	10.0	3.0	6.0	12.0	5.0	2.0	0.0	8.0	3.0	21.0	2.0	32.0	8.0	26.0	1.0	8.0	10.0	19.0	1.0	0.0	10.0	3.0	11.0
G000204415	4.0	0.0	3.0	0.0	0.0	0.0	0.0	4.0	1.0	0.0	0.0	3.0	2.0	1.0	6.0	0.0	0.0	1.0	1.0	2.0	0.0	2.0	2.0	0.0	1.0
G000204645	1.0	0.0	2.0	0.0	6.0	0.0	0.0	14.0	1.0	0.0	0.0	4.0	0.0	0.0	0.0	0.0	0.0	0.0	1.0	1.0	0.0	0.0	3.0	2.0	0.0
G000219275	10.0	0.0	5.0	0.0	4.0	0.0	4.0	3.0	11.0	1.0	0.0	0.0	5.0	10.0	2.0	6.0	2.0	3.0	2.0	2.0	2.0	4.0	6.0	8.0	3.0
G000219605	0.0	0.0	0.0	0.0	0.0	0.0	0.0	2.0	1.0	2.0	0.0	0.0	0.0	22.0	0.0	0.0	0.0	0.0	0.0	0.0	0.0	0.0	15.0	0.0	1.0
G000221145	7.0	8.0	15.0	2.0	10.0	17.0	6.0	1.0	3.0	7.0	2.0	7.0	4.0	54.0	6.0	10.0	1.0	4.0	10.0	22.0	7.0	4.0	13.0	4.0	20.0
G000240075	0.0	0.0	1.0	0.0	0.0	0.0	0.0	0.0	0.0	0.0	0.0	0.0	0.0	0.0	0.0	0.0	0.0	0.0	0.0	0.0	0.0	0.0	1.0	0.0	0.0
G000240185	1.0	0.0	1.0	1.0	2.0	0.0	0.0	4.0	0.0	1.0	0.0	0.0	1.0	2.0	0.0	0.0	0.0	3.0	0.0	2.0	2.0	0.0	1.0	0.0	0.0
G000241465	1.0	0.0	8.0	0.0	4.0	0.0	0.0	5.0	0.0	0.0	0.0	0.0	0.0	1.0	0.0	1.0	0.0	0.0	0.0	0.0	5.0	0.0	0.0	0.0	2.0
G000245655	0.0	0.0	1.0	0.0	0.0	1.0	1.0	0.0	0.0	0.0	0.0	0.0	0.0	2.0	0.0	1.0	0.0	0.0	0.0	1.0	0.0	0.0	1.0	0.0	0.0
G000245775	4.0	0.0	2.0	0.0	2.0	1.0	2.0	8.0	6.0	2.0	0.0	0.0	7.0	2.0	2.0	0.0	0.0	2.0	0.0	3.0	0.0	15.0	8.0	2.0	2.0
G000253275	1.0	0.0	1.0	0.0	0.0	0.0	0.0	1.0	1.0	0.0	0.0	0.0	0.0	4.0	0.0	2.0	0.0	1.0	0.0	0.0	0.0	1.0	0.0	0.0	8.0
G000253395	0.0	1.0	0.0	1.0	0.0	0.0	1.0	0.0	2.0	1.0	0.0	0.0	0.0	6.0	0.0	0.0	0.0	0.0	3.0	1.0	0.0	0.0	0.0	0.0	1.0
G000282995	3.0	0.0	2.0	0.0	0.0	0.0	0.0	1.0	0.0	0.0	0.0	0.0	1.0	3.0	0.0	0.0	0.0	0.0	0.0	3.0	0.0	0.0	0.0	0.0	0.0
G000284255	1.0	0.0	0.0	0.0	0.0	0.0	0.0	0.0	1.0	0.0	1.0	0.0	0.0	4.0	0.0	0.0	0.0	0.0	0.0	0.0	0.0	0.0	0.0	0.0	0.0
G000294575	15.0	0.0	7.0	0.0	6.0	4.0	3.0	8.0	12.0	0.0	1.0	9.0	1.0	22.0	0.0	8.0	4.0	6.0	3.0	3.0	6.0	8.0	5.0	14.0	8.0
G000296405	1.0	0.0	0.0	1.0	4.0	0.0	2.0	0.0	0.0	0.0	0.0	2.0	0.0	20.0	0.0	2.0	0.0	0.0	4.0	6.0	2.0	2.0	0.0	4.0	0.0
G000299455	3.0	0.0	0.0	0.0	2.0	0.0	0.0	1.0	2.0	0.0	0.0	0.0	1.0	3.0	0.0	0.0	0.0	1.0	0.0	1.0	0.0	3.0	0.0	1.0	0.0
G000308395	0.0	0.0	1.0	0.0	0.0	1.0	1.0	0.0	0.0	0.0	0.0	0.0	0.0	2.0	0.0	1.0	0.0	0.0	0.0	1.0	0.0	0.0	1.0	0.0	0.0
G000310185	6.0	0.0	2.0	0.0	0.0	0.0	0.0	1.0	1.0	0.0	0.0	0.0	0.0	1.0	0.0	0.0	0.0	0.0	0.0	3.0	1.0	0.0	2.0	3.0	0.0
G000314575	0.0	0.0	0.0	0.0	0.0	0.0	0.0	0.0	0.0	30.0	0.0	0.0	0.0	2.0	0.0	0.0	0.0	0.0	0.0	2.0	0.0	0.0	156.0	0.0	0.0
G000314675	1.0	2.0	12.0	0.0	2.0	25.0	6.0	9.0	3.0	0.0	0.0	2.0	0.0	12.0	0.0	1.0	0.0	0.0	4.0	18.0	0.0	0.0	2.0	7.0	0.0
G000315445	0.0	0.0	0.0	0.0	0.0	0.0	0.0	0.0	0.0	0.0	0.0	0.0	0.0	0.0	0.0	0.0	0.0	0.0	0.0	0.0	0.0	0.0	0.0	0.0	0.0
G000315525	1.0	0.0	14.0	0.0	2.0	0.0	1.0	0.0	0.0	1.0	0.0	1.0	0.0	2.0	0.0	0.0	0.0	0.0	0.0	0.0	0.0	0.0	0.0	8.0	0.0
G000317975	5.0	0.0	0.0	0.0	4.0	0.0	0.0	8.0	0.0	6.0	0.0	0.0	0.0	2.0	0.0	2.0	0.0	0.0	0.0	0.0	0.0	0.0	0.0	0.0	0.0
G000332875	0.0	0.0	0.0	0.0	2.0	2.0	1.0	7.0	6.0	0.0	0.0	2.0	0.0	6.0	0.0	0.0	0.0	4.0	0.0	0.0	0.0	0.0	0.0	0.0	0.0
G000335815	9.0	0.0	4.0	1.0	3.0	3.0	8.0	8.0	9.0	2.0	0.0	2.0	2.0	24.0	0.0	8.0	1.0	10.0	0.0	4.0	3.0	0.0	3.0	11.0	8.0
G000344615	5.0	0.0	0.0	0.0	5.0	1.0	0.0	1.0	7.0	0.0	0.0	0.0	0.0	5.0	1.0	0.0	0.0	2.0	2.0	0.0	4.0	0.0	1.0	6.0	2.0
G000367205	0.0	2.0	4.0	0.0	2.0	1.0	2.0	2.0	0.0	0.0	0.0	1.0	1.0	7.0	1.0	1.0	0.0	1.0	3.0	7.0	2.0	1.0	2.0	1.0	0.0
G000367925	17.0	8.0	4.0	1.0	9.0	10.0	4.0	37.0	58.0	6.0	3.0	4.0	7.0	21.0	10.0	17.0	6.0	7.0	6.0	10.0	0.0	8.0	18.0	18.0	5.0
G000368025	0.0	0.0	1.0	0.0	2.0	0.0	1.0	9.0	15.0	2.0	1.0	7.0	0.0	7.0	0.0	4.0	1.0	8.0	0.0	1.0	0.0	2.0	2.0	5.0	5.0
G000368565	3.0	0.0	2.0	0.0	0.0	0.0	0.0	0.0	2.0	0.0	0.0	2.0	0.0	4.0	0.0	0.0	0.0	0.0	0.0	5.0	0.0	0.0	0.0	2.0	0.0
G000368625	1.0	0.0	0.0	0.0	0.0	5.0	1.0	5.0	3.0	0.0	0.0	0.0	14.0	2.0	0.0	0.0	0.0	0.0	0.0	0.0	0.0	0.0	1.0	1.0	4.0
G000368825	0.0	0.0	1.0	0.0	0.0	0.0	0.0	1.0	3.0	0.0	0.0	0.0	2.0	2.0	0.0	0.0	0.0	0.0	0.0	0.0	0.0	0.0	0.0	0.0	2.0
G000368865	1.0	0.0	0.0	0.0	0.0	0.0	0.0	0.0	0.0	0.0	0.0	0.0	0.0	0.0	0.0	0.0	0.0	0.0	2.0	0.0	0.0	0.0	0.0	0.0	0.0
G000368905	10.0	0.0	7.0	4.0	4.0	2.0	2.0	4.0	2.0	0.0	3.0	0.0	10.0	14.0	4.0	2.0	0.0	0.0	12.0	2.0	0.0	2.0	0.0	4.0	2.0
G000368925	5.0	1.0	20.0	4.0	1.0	1.0	0.0	7.0	2.0	0.0	0.0	0.0	1.0	26.0	1.0	0.0	2.0	2.0	2.0	1.0	0.0	4.0	1.0	2.0	0.0
G000369005	1.0	0.0	0.0	1.0	0.0	0.0	0.0	0.0	0.0	0.0	1.0	0.0	0.0	1.0	0.0	1.0	0.0	1.0	0.0	0.0	0.0	0.0	0.0	2.0	0.0
G000369105	47.0	0.0	20.0	2.0	30.0	13.0	5.0	58.0	82.0	11.0	1.0	18.0	16.0	88.0	15.0	12.0	2.0	30.0	25.0	25.0	10.0	19.0	36.0	22.0	11.0
G000369145	3.0	0.0	2.0	0.0	3.0	6.0	4.0	3.0	7.0	1.0	0.0	1.0	5.0	8.0	5.0	1.0	0.0	3.0	0.0	1.0	0.0	1.0	5.0	9.0	0.0
G000372185	3.0	0.0	0.0	0.0	0.0	1.0	0.0	7.0	6.0	0.0	1.0	4.0	2.0	3.0	1.0	0.0	0.0	9.0	2.0	1.0	2.0	1.0	7.0	4.0	7.0
G000372265	1.0	0.0	0.0	0.0	0.0	0.0	0.0	1.0	0.0	0.0	0.0	0.0	1.0	12.0	0.0	0.0	0.0	0.0	0.0	0.0	0.0	0.0	0.0	0.0	0.0
G000374625	0.0	0.0	0.0	0.0	1.0	0.0	0.0	2.0	1.0	0.0	0.0	0.0	0.0	1.0	0.0	2.0	0.0	0.0	1.0	0.0	0.0	0.0	2.0	0.0	3.0
G000378885	1.0	0.0	0.0	0.0	0.0	0.0	0.0	1.0	0.0	0.0	0.0	0.0	0.0	10.0	0.0	0.0	0.0	0.0	0.0	0.0	0.0	0.0	0.0	0.0	0.0
G000378905	16.0	0.0	7.0	0.0	2.0	4.0	3.0	4.0	8.0	0.0	0.0	5.0	1.0	6.0	0.0	6.0	2.0	5.0	1.0	3.0	1.0	4.0	3.0	1.0	6.0
G000378925	0.0	0.0	0.0	0.0	0.0	0.0	0.0	0.0	0.0	0.0	4.0	0.0	0.0	0.0	0.0	0.0	0.0	0.0	0.0	0.0	0.0	0.0	0.0	0.0	0.0
G000381125	0.0	0.0	0.0	0.0	0.0	0.0	0.0	0.0	0.0	4.0	0.0	0.0	0.0	0.0	0.0	0.0	0.0	0.0	1.0	0.0	0.0	0.0	14.0	0.0	0.0
G000381265	27.0	0.0	17.0	4.0	9.0	3.0	6.0	10.0	21.0	0.0	1.0	2.0	12.0	51.0	10.0	3.0	5.0	1.0	2.0	14.0	0.0	6.0	6.0	16.0	8.0
G000383815	0.0	0.0	0.0	0.0	0.0	0.0	0.0	0.0	0.0	0.0	0.0	0.0	0.0	0.0	0.0	0.0	0.0	1.0	0.0	0.0	0.0	0.0	0.0	0.0	0.0
G000383895	15.0	0.0	6.0	2.0	6.0	4.0	0.0	0.0	12.0	6.0	0.0	0.0	4.0	10.0	0.0	14.0	0.0	7.0	2.0	7.0	2.0	10.0	7.0	14.0	0.0
G000384535	5.0	0.0	0.0	0.0	0.0	0.0	0.0	1.0	11.0	0.0	0.0	0.0	0.0	0.0	0.0	0.0	0.0	4.0	0.0	0.0	0.0	3.0	1.0	0.0	0.0
G000392435	0.0	0.0	2.0	0.0	1.0	2.0	0.0	6.0	2.0	0.0	1.0	4.0	1.0	3.0	0.0	0.0	0.0	1.0	0.0	0.0	0.0	0.0	0.0	3.0	1.0
G000400735	0.0	0.0	6.0	0.0	1.0	0.0	0.0	3.0	5.0	1.0	0.0	0.0	9.0	7.0	0.0	0.0	0.0	1.0	0.0	1.0	1.0	0.0	2.0	1.0	0.0
G000411375	0.0	1.0	0.0	0.0	2.0	5.0	2.0	0.0	0.0	1.0	0.0	0.0	2.0	0.0	0.0	0.0	1.0	0.0	4.0	5.0	0.0	0.0	0.0	1.0	2.0
G000423885	0.0	0.0	0.0	0.0	2.0	0.0	0.0	2.0	0.0	0.0	0.0	0.0	0.0	0.0	0.0	1.0	0.0	0.0	0.0	0.0	0.0	0.0	2.0	0.0	0.0
G000428125	4.0	0.0	0.0	0.0	2.0	0.0	0.0	10.0	17.0	0.0	0.0	0.0	2.0	6.0	0.0	2.0	0.0	0.0	4.0	4.0	0.0	2.0	8.0	2.0	0.0
G000434535	0.0	0.0	0.0	0.0	0.0	0.0	0.0	2.0	2.0	0.0	1.0	0.0	0.0	2.0	0.0	1.0	0.0	0.0	0.0	0.0	0.0	0.0	1.0	1.0	1.0
G000435555	0.0	0.0	0.0	0.0	0.0	0.0	0.0	0.0	0.0	0.0	0.0	0.0	0.0	0.0	0.0	0.0	0.0	0.0	0.0	0.0	0.0	2.0	0.0	0.0	0.0
G000436135	5.0	1.0	13.0	2.0	5.0	1.0	2.0	10.0	11.0	3.0	1.0	0.0	1.0	14.0	3.0	9.0	0.0	1.0	2.0	4.0	0.0	2.0	4.0	2.0	4.0
G000436435	4.0	0.0	8.0	0.0	5.0	2.0	0.0	5.0	5.0	1.0	0.0	3.0	1.0	11.0	1.0	0.0	0.0	3.0	0.0	0.0	1.0	1.0	1.0	3.0	0.0
G000436775	2.0	0.0	0.0	2.0	0.0	0.0	2.0	6.0	4.0	0.0	3.0	0.0	3.0	2.0	0.0	0.0	0.0	4.0	0.0	4.0	0.0	0.0	2.0	2.0	0.0
G000437995	2.0	0.0	1.0	0.0	2.0	2.0	1.0	0.0	5.0	2.0	0.0	0.0	1.0	3.0	0.0	1.0	0.0	0.0	0.0	4.0	0.0	0.0	3.0	0.0	3.0
G000438035	12.0	0.0	7.0	3.0	10.0	1.0	3.0	10.0	14.0	2.0	2.0	1.0	4.0	6.0	2.0	6.0	5.0	5.0	7.0	10.0	0.0	4.0	8.0	5.0	14.0
G000438275	3.0	0.0	4.0	2.0	4.0	0.0	0.0	3.0	1.0	1.0	0.0	2.0	4.0	10.0	0.0	8.0	0.0	2.0	1.0	3.0	0.0	0.0	6.0	7.0	1.0
G000438965	0.0	0.0	0.0	0.0	0.0	0.0	2.0	1.0	1.0	0.0	0.0	0.0	1.0	1.0	0.0	0.0	0.0	0.0	0.0	1.0	0.0	0.0	2.0	0.0	0.0
G000438985	4.0	0.0	0.0	0.0	0.0	0.0	1.0	0.0	0.0	0.0	0.0	0.0	0.0	2.0	0.0	0.0	0.0	0.0	0.0	0.0	0.0	0.0	0.0	0.0	0.0
G000443975	0.0	0.0	1.0	0.0	0.0	1.0	1.0	0.0	0.0	0.0	0.0	0.0	0.0	2.0	0.0	1.0	0.0	0.0	0.0	1.0	0.0	0.0	1.0	0.0	0.0
G000445105	0.0	0.0	2.0	0.0	0.0	0.0	0.0	0.0	1.0	1.0	0.0	0.0	0.0	1.0	0.0	0.0	0.0	0.0	0.0	0.0	0.0	0.0	0.0	2.0	0.0
G000445145	0.0	0.0	1.0	0.0	0.0	0.0	0.0	0.0	0.0	0.0	0.0	0.0	0.0	1.0	0.0	0.0	0.0	0.0	0.0	0.0	0.0	0.0	0.0	1.0	0.0
G000447205	0.0	0.0	1.0	0.0	0.0	0.0	0.0	0.0	0.0	0.0	0.0	0.0	0.0	1.0	0.0	1.0	0.0	0.0	0.0	1.0	2.0	0.0	0.0	1.0	0.0
G000454045	18.0	2.0	24.0	1.0	0.0	4.0	1.0	2.0	6.0	4.0	2.0	26.0	4.0	13.0	0.0	5.0	0.0	6.0	15.0	2.0	1.0	7.0	4.0	7.0	4.0
G000463665	5.0	13.0	8.0	2.0	3.0	25.0	1.0	4.0	2.0	4.0	0.0	2.0	4.0	34.0	3.0	0.0	8.0	2.0	2.0	35.0	6.0	0.0	21.0	0.0	2.0
G000466565	5.0	0.0	4.0	0.0	1.0	0.0	0.0	0.0	2.0	0.0	0.0	0.0	2.0	2.0	0.0	0.0	0.0	0.0	0.0	2.0	0.0	3.0	0.0	2.0	0.0
G000466825	2.0	0.0	4.0	0.0	0.0	4.0	0.0	0.0	0.0	0.0	0.0	0.0	0.0	0.0	0.0	2.0	0.0	0.0	0.0	1.0	0.0	0.0	0.0	0.0	2.0
G000475335	1.0	0.0	2.0	0.0	2.0	1.0	0.0	0.0	0.0	0.0	0.0	4.0	0.0	1.0	1.0	0.0	0.0	0.0	0.0	2.0	0.0	1.0	1.0	1.0	0.0
G000477935	2.0	0.0	1.0	0.0	0.0	2.0	0.0	0.0	0.0	0.0	0.0	0.0	0.0	0.0	0.0	0.0	0.0	0.0	0.0	1.0	0.0	0.0	0.0	0.0	1.0
G000483005	0.0	0.0	1.0	0.0	0.0	0.0	1.0	1.0	1.0	0.0	0.0	0.0	0.0	1.0	0.0	0.0	0.0	0.0	1.0	0.0	0.0	0.0	3.0	1.0	0.0
G000485495	0.0	0.0	0.0	0.0	0.0	0.0	0.0	15.0	0.0	2.0	0.0	2.0	4.0	0.0	0.0	0.0	0.0	2.0	0.0	2.0	0.0	0.0	0.0	0.0	0.0
G000488195	1.0	0.0	1.0	0.0	4.0	1.0	0.0	0.0	0.0	0.0	0.0	0.0	0.0	6.0	0.0	0.0	0.0	0.0	2.0	0.0	0.0	0.0	1.0	0.0	0.0
G000488255	1.0	2.0	1.0	1.0	1.0	0.0	0.0	3.0	9.0	0.0	0.0	1.0	5.0	4.0	1.0	0.0	0.0	2.0	0.0	0.0	0.0	1.0	1.0	2.0	0.0
G000488275	0.0	0.0	0.0	0.0	0.0	0.0	0.0	0.0	0.0	0.0	0.0	0.0	0.0	0.0	0.0	0.0	0.0	2.0	0.0	0.0	0.0	0.0	0.0	1.0	0.0
G000494725	0.0	0.0	0.0	0.0	0.0	0.0	0.0	0.0	0.0	1.0	0.0	0.0	0.0	0.0	0.0	0.0	0.0	0.0	0.0	1.0	0.0	0.0	0.0	1.0	0.0
G000508745	0.0	0.0	1.0	0.0	0.0	0.0	1.0	0.0	0.0	0.0	0.0	0.0	0.0	0.0	0.0	0.0	0.0	0.0	0.0	0.0	0.0	0.0	0.0	0.0	0.0
G000568555	3.0	1.0	1.0	0.0	0.0	0.0	2.0	3.0	0.0	3.0	0.0	0.0	0.0	21.0	0.0	0.0	0.0	0.0	1.0	1.0	4.0	1.0	15.0	6.0	6.0
G000611675	1.0	0.0	0.0	0.0	0.0	0.0	1.0	0.0	2.0	0.0	0.0	0.0	4.0	2.0	0.0	0.0	0.0	0.0	0.0	0.0	0.0	0.0	1.0	0.0	0.0
G000615525	0.0	0.0	1.0	1.0	3.0	5.0	0.0	1.0	0.0	1.0	0.0	7.0	1.0	11.0	4.0	6.0	1.0	0.0	3.0	11.0	0.0	0.0	3.0	0.0	4.0
G000620225	1.0	0.0	0.0	0.0	0.0	0.0	0.0	0.0	0.0	0.0	0.0	0.0	0.0	0.0	0.0	0.0	0.0	0.0	0.0	0.0	0.0	1.0	1.0	0.0	0.0
G000632455	6.0	0.0	0.0	1.0	1.0	1.0	0.0	1.0	4.0	1.0	0.0	0.0	0.0	2.0	1.0	0.0	0.0	1.0	0.0	0.0	0.0	2.0	2.0	2.0	0.0
G000661955	0.0	0.0	2.0	0.0	0.0	0.0	0.0	1.0	0.0	0.0	0.0	0.0	0.0	2.0	2.0	4.0	0.0	2.0	2.0	0.0	0.0	4.0	3.0	4.0	0.0
G000688115	1.0	0.0	0.0	0.0	0.0	0.0	0.0	1.0	1.0	0.0	0.0	0.0	0.0	0.0	0.0	0.0	0.0	0.0	0.0	0.0	2.0	1.0	1.0	0.0	0.0
G000688255	0.0	0.0	0.0	0.0	2.0	0.0	0.0	0.0	15.0	2.0	0.0	1.0	0.0	2.0	0.0	0.0	0.0	1.0	0.0	0.0	1.0	1.0	1.0	3.0	0.0
G000688415	2.0	0.0	1.0	0.0	0.0	2.0	0.0	0.0	0.0	0.0	0.0	0.0	0.0	0.0	0.0	0.0	0.0	0.0	0.0	4.0	0.0	0.0	0.0	0.0	0.0
G000689195	6.0	0.0	3.0	2.0	6.0	0.0	4.0	11.0	11.0	1.0	3.0	3.0	2.0	16.0	2.0	8.0	1.0	6.0	4.0	2.0	0.0	0.0	16.0	3.0	0.0
G000689415	0.0	0.0	0.0	0.0	0.0	0.0	0.0	0.0	0.0	0.0	0.0	0.0	0.0	0.0	0.0	0.0	0.0	0.0	0.0	0.0	0.0	0.0	0.0	0.0	0.0
G000699505	3.0	0.0	2.0	3.0	0.0	0.0	2.0	0.0	3.0	2.0	1.0	1.0	0.0	6.0	0.0	5.0	0.0	4.0	0.0	1.0	2.0	0.0	1.0	0.0	3.0
G000720335	0.0	0.0	0.0	0.0	0.0	0.0	0.0	0.0	0.0	6.0	0.0	0.0	0.0	0.0	0.0	0.0	0.0	0.0	0.0	0.0	0.0	0.0	62.0	0.0	0.0
G000723465	0.0	0.0	0.0	0.0	0.0	0.0	0.0	0.0	3.0	1.0	0.0	0.0	0.0	2.0	0.0	0.0	0.0	0.0	0.0	0.0	0.0	2.0	0.0	0.0	0.0
G000723745	0.0	0.0	0.0	0.0	0.0	0.0	0.0	0.0	2.0	0.0	0.0	1.0	0.0	0.0	0.0	0.0	0.0	1.0	0.0	0.0	0.0	0.0	0.0	0.0	2.0
G000737695	1.0	0.0	3.0	0.0	1.0	0.0	1.0	1.0	6.0	3.0	0.0	0.0	2.0	0.0	0.0	2.0	0.0	0.0	1.0	1.0	0.0	0.0	2.0	2.0	0.0
G000739375	0.0	0.0	0.0	0.0	1.0	0.0	0.0	1.0	2.0	0.0	1.0	0.0	1.0	1.0	0.0	0.0	0.0	0.0	0.0	3.0	1.0	0.0	1.0	0.0	0.0
G000744465	4.0	5.0	0.0	3.0	6.0	0.0	0.0	3.0	5.0	2.0	0.0	1.0	0.0	21.0	0.0	2.0	3.0	3.0	3.0	0.0	1.0	7.0	3.0	2.0	1.0
G000744835	1.0	0.0	2.0	1.0	2.0	0.0	0.0	1.0	1.0	0.0	0.0	0.0	1.0	1.0	0.0	1.0	0.0	0.0	0.0	2.0	0.0	0.0	1.0	0.0	0.0
G000745265	0.0	0.0	0.0	1.0	0.0	0.0	0.0	0.0	0.0	0.0	0.0	0.0	0.0	1.0	0.0	0.0	0.0	1.0	0.0	1.0	0.0	2.0	0.0	1.0	0.0
G000745545	0.0	0.0	1.0	1.0	3.0	0.0	0.0	2.0	1.0	1.0	0.0	0.0	2.0	1.0	0.0	2.0	0.0	0.0	2.0	2.0	2.0	0.0	4.0	2.0	3.0
G000745855	1.0	0.0	0.0	0.0	3.0	0.0	2.0	2.0	0.0	0.0	0.0	0.0	0.0	1.0	0.0	2.0	0.0	0.0	0.0	1.0	1.0	1.0	12.0	0.0	5.0
G000746525	0.0	0.0	0.0	0.0	0.0	0.0	0.0	1.0	0.0	3.0	0.0	0.0	0.0	1.0	0.0	0.0	0.0	0.0	0.0	0.0	0.0	0.0	0.0	0.0	0.0
G000746645	0.0	0.0	0.0	0.0	0.0	0.0	0.0	0.0	1.0	9.0	0.0	0.0	0.0	2.0	0.0	0.0	1.0	0.0	0.0	0.0	1.0	0.0	1.0	0.0	0.0
G000759445	0.0	0.0	1.0	0.0	2.0	0.0	0.0	0.0	0.0	1.0	0.0	0.0	0.0	3.0	0.0	0.0	0.0	1.0	2.0	0.0	0.0	0.0	0.0	0.0	0.0
G000768065	1.0	0.0	3.0	0.0	2.0	1.0	0.0	4.0	2.0	0.0	0.0	1.0	0.0	1.0	0.0	0.0	0.0	0.0	0.0	4.0	0.0	0.0	1.0	3.0	0.0
G000777575	0.0	0.0	1.0	0.0	0.0	0.0	0.0	0.0	0.0	0.0	0.0	0.0	0.0	1.0	0.0	0.0	0.0	0.0	0.0	1.0	0.0	1.0	0.0	0.0	0.0
G000777875	0.0	0.0	0.0	0.0	0.0	0.0	0.0	0.0	2.0	0.0	0.0	0.0	0.0	1.0	0.0	0.0	0.0	0.0	0.0	0.0	0.0	1.0	0.0	0.0	0.0
G000778805	0.0	0.0	0.0	0.0	0.0	0.0	0.0	0.0	0.0	0.0	0.0	0.0	0.0	1.0	0.0	0.0	0.0	0.0	0.0	0.0	0.0	0.0	0.0	0.0	0.0
G000779535	0.0	0.0	0.0	0.0	0.0	0.0	0.0	0.0	0.0	0.0	0.0	0.0	0.0	0.0	0.0	0.0	0.0	0.0	0.0	1.0	0.0	0.0	0.0	1.0	0.0
G000781475	0.0	0.0	1.0	0.0	1.0	0.0	0.0	2.0	0.0	0.0	0.0	0.0	0.0	2.0	0.0	0.0	0.0	0.0	0.0	0.0	0.0	0.0	0.0	1.0	0.0
G000785515	0.0	0.0	0.0	1.0	0.0	0.0	0.0	0.0	0.0	0.0	0.0	5.0	1.0	3.0	7.0	0.0	0.0	0.0	1.0	0.0	0.0	0.0	0.0	0.0	0.0
G000813765	0.0	1.0	3.0	0.0	6.0	0.0	0.0	2.0	0.0	0.0	0.0	0.0	1.0	2.0	0.0	0.0	0.0	3.0	0.0	2.0	0.0	1.0	0.0	0.0	0.0
G000816495	1.0	0.0	0.0	0.0	1.0	0.0	10.0	2.0	1.0	0.0	0.0	0.0	0.0	3.0	0.0	1.0	0.0	0.0	0.0	0.0	0.0	1.0	0.0	1.0	2.0
G000818395	0.0	0.0	0.0	0.0	0.0	0.0	0.0	0.0	0.0	0.0	0.0	0.0	0.0	1.0	0.0	0.0	0.0	0.0	0.0	0.0	0.0	0.0	0.0	0.0	0.0
G000833575	0.0	0.0	0.0	0.0	0.0	0.0	0.0	0.0	0.0	0.0	0.0	0.0	0.0	4.0	0.0	0.0	0.0	1.0	0.0	0.0	0.0	0.0	0.0	0.0	0.0
G000934225	0.0	0.0	1.0	0.0	0.0	1.0	1.0	0.0	0.0	0.0	0.0	0.0	0.0	2.0	0.0	1.0	0.0	0.0	0.0	1.0	0.0	0.0	1.0	0.0	0.0
G000935165	1.0	0.0	0.0	0.0	0.0	0.0	1.0	0.0	0.0	0.0	0.0	0.0	0.0	0.0	0.0	0.0	0.0	0.0	0.0	6.0	1.0	0.0	1.0	0.0	2.0
G000944855	1.0	0.0	0.0	0.0	2.0	0.0	0.0	1.0	1.0	0.0	0.0	0.0	1.0	4.0	0.0	0.0	0.0	0.0	0.0	0.0	0.0	2.0	0.0	1.0	0.0
G000953015	2.0	2.0	0.0	0.0	0.0	0.0	0.0	2.0	0.0	0.0	0.0	0.0	2.0	6.0	0.0	0.0	0.0	2.0	0.0	0.0	0.0	0.0	5.0	0.0	0.0
G000954135	1.0	0.0	0.0	0.0	0.0	0.0	0.0	0.0	0.0	0.0	0.0	0.0	0.0	0.0	0.0	0.0	0.0	0.0	1.0	0.0	0.0	0.0	1.0	0.0	0.0
G000956505	4.0	0.0	20.0	0.0	0.0	1.0	0.0	7.0	6.0	1.0	2.0	1.0	0.0	3.0	0.0	12.0	4.0	2.0	2.0	5.0	2.0	2.0	2.0	3.0	0.0
G000964095	0.0	0.0	0.0	0.0	0.0	0.0	0.0	0.0	1.0	0.0	0.0	0.0	1.0	0.0	0.0	1.0	0.0	0.0	2.0	0.0	0.0	0.0	0.0	0.0	0.0
G000967825	0.0	0.0	0.0	0.0	0.0	4.0	0.0	6.0	0.0	0.0	0.0	0.0	0.0	65.0	0.0	34.0	0.0	2.0	0.0	4.0	0.0	3.0	5.0	0.0	0.0
G000972765	2.0	0.0	4.0	0.0	2.0	6.0	0.0	12.0	6.0	2.0	0.0	0.0	0.0	0.0	0.0	5.0	0.0	6.0	2.0	0.0	2.0	2.0	2.0	2.0	0.0
G000973625	3.0	0.0	7.0	0.0	3.0	1.0	0.0	4.0	3.0	2.0	0.0	0.0	3.0	7.0	0.0	2.0	1.0	1.0	0.0	9.0	0.0	3.0	2.0	2.0	0.0
G000980235	0.0	0.0	1.0	0.0	1.0	0.0	0.0	0.0	0.0	1.0	0.0	0.0	0.0	0.0	0.0	0.0	0.0	0.0	2.0	2.0	0.0	2.0	0.0	0.0	0.0
G001005215	0.0	0.0	0.0	0.0	0.0	0.0	0.0	1.0	0.0	0.0	0.0	0.0	0.0	0.0	0.0	0.0	0.0	0.0	0.0	0.0	0.0	0.0	0.0	0.0	0.0
G001022135	1.0	0.0	0.0	0.0	0.0	0.0	0.0	0.0	1.0	0.0	0.0	0.0	0.0	0.0	0.0	0.0	0.0	0.0	0.0	1.0	0.0	0.0	1.0	0.0	0.0
G001022195	1.0	0.0	0.0	0.0	0.0	0.0	0.0	1.0	1.0	0.0	0.0	0.0	3.0	1.0	0.0	1.0	0.0	0.0	2.0	1.0	0.0	0.0	4.0	0.0	1.0
G001025175	0.0	0.0	0.0	0.0	0.0	0.0	1.0	2.0	0.0	0.0	0.0	0.0	0.0	1.0	0.0	0.0	0.0	4.0	1.0	0.0	0.0	4.0	8.0	2.0	0.0
G001028525	0.0	0.0	2.0	2.0	1.0	4.0	0.0	1.0	0.0	0.0	0.0	0.0	0.0	5.0	0.0	1.0	0.0	0.0	1.0	2.0	0.0	2.0	0.0	0.0	0.0
G001028545	0.0	0.0	0.0	0.0	0.0	1.0	0.0	0.0	0.0	0.0	0.0	0.0	0.0	1.0	0.0	0.0	0.0	0.0	1.0	0.0	0.0	0.0	0.0	0.0	0.0
G001028585	0.0	0.0	0.0	0.0	1.0	2.0	0.0	0.0	0.0	0.0	0.0	0.0	0.0	2.0	0.0	0.0	0.0	0.0	1.0	0.0	0.0	0.0	0.0	0.0	0.0
G001028605	0.0	0.0	0.0	1.0	0.0	1.0	0.0	0.0	0.0	0.0	0.0	0.0	0.0	1.0	0.0	1.0	0.0	0.0	1.0	0.0	0.0	0.0	0.0	0.0	0.0
G001028645	0.0	0.0	0.0	0.0	1.0	0.0	0.0	0.0	0.0	1.0	0.0	0.0	0.0	5.0	1.0	0.0	0.0	0.0	1.0	3.0	0.0	0.0	0.0	0.0	3.0
G001046635	5.0	0.0	1.0	2.0	1.0	0.0	4.0	7.0	9.0	0.0	0.0	0.0	0.0	18.0	0.0	1.0	0.0	3.0	4.0	0.0	3.0	3.0	5.0	4.0	4.0
G001054195	4.0	1.0	10.0	0.0	4.0	5.0	10.0	8.0	10.0	2.0	0.0	0.0	2.0	25.0	2.0	14.0	2.0	2.0	6.0	27.0	2.0	0.0	5.0	2.0	32.0
G001068545	0.0	0.0	1.0	0.0	0.0	1.0	1.0	0.0	0.0	0.0	0.0	0.0	0.0	0.0	0.0	1.0	0.0	0.0	0.0	1.0	0.0	0.0	1.0	0.0	0.0
G001075215	0.0	0.0	1.0	0.0	0.0	1.0	1.0	0.0	0.0	0.0	0.0	0.0	0.0	0.0	0.0	1.0	0.0	0.0	0.0	1.0	0.0	0.0	1.0	0.0	0.0
G001188545	1.0	0.0	2.0	0.0	1.0	0.0	0.0	0.0	0.0	4.0	0.0	3.0	0.0	7.0	0.0	0.0	0.0	0.0	0.0	0.0	0.0	0.0	0.0	0.0	0.0
G001191005	0.0	0.0	1.0	0.0	0.0	0.0	0.0	0.0	4.0	0.0	0.0	0.0	0.0	6.0	0.0	0.0	0.0	0.0	0.0	1.0	0.0	0.0	0.0	0.0	0.0
G001192655	4.0	2.0	4.0	0.0	0.0	0.0	0.0	2.0	7.0	0.0	0.0	0.0	2.0	14.0	0.0	12.0	0.0	4.0	0.0	0.0	0.0	0.0	0.0	8.0	2.0
G001270065	6.0	0.0	14.0	0.0	4.0	0.0	2.0	5.0	22.0	3.0	2.0	0.0	2.0	11.0	0.0	6.0	3.0	1.0	2.0	6.0	1.0	4.0	2.0	10.0	1.0
G001275345	4.0	1.0	4.0	9.0	2.0	13.0	7.0	2.0	0.0	8.0	0.0	2.0	4.0	19.0	8.0	0.0	2.0	10.0	2.0	7.0	0.0	4.0	10.0	4.0	2.0
G001276625	0.0	1.0	2.0	0.0	0.0	0.0	0.0	0.0	0.0	0.0	0.0	0.0	0.0	0.0	0.0	2.0	0.0	0.0	1.0	3.0	0.0	0.0	0.0	0.0	0.0
G001283625	1.0	0.0	0.0	0.0	2.0	0.0	0.0	1.0	2.0	0.0	0.0	0.0	1.0	3.0	1.0	0.0	0.0	0.0	0.0	0.0	0.0	2.0	0.0	1.0	0.0
G001293525	2.0	0.0	2.0	0.0	1.0	0.0	1.0	3.0	3.0	1.0	0.0	0.0	0.0	2.0	0.0	0.0	1.0	1.0	0.0	0.0	0.0	2.0	4.0	0.0	0.0
G001294445	1.0	0.0	0.0	0.0	0.0	0.0	0.0	0.0	0.0	0.0	0.0	0.0	0.0	0.0	0.0	0.0	0.0	2.0	0.0	0.0	0.0	0.0	0.0	0.0	0.0
G001295795	12.0	0.0	5.0	1.0	0.0	4.0	6.0	13.0	17.0	0.0	1.0	0.0	5.0	22.0	2.0	1.0	0.0	0.0	2.0	3.0	4.0	6.0	9.0	6.0	5.0
G001295865	0.0	0.0	8.0	0.0	1.0	7.0	0.0	0.0	2.0	0.0	0.0	0.0	2.0	9.0	4.0	0.0	0.0	0.0	1.0	5.0	0.0	2.0	3.0	1.0	0.0
G001295905	5.0	0.0	3.0	2.0	2.0	3.0	0.0	2.0	2.0	2.0	0.0	1.0	2.0	2.0	0.0	0.0	0.0	0.0	2.0	1.0	0.0	4.0	3.0	1.0	0.0
G001298675	1.0	0.0	2.0	0.0	0.0	0.0	0.0	4.0	2.0	2.0	0.0	0.0	0.0	2.0	0.0	0.0	0.0	2.0	15.0	0.0	0.0	0.0	0.0	0.0	0.0
G001307195	1.0	0.0	0.0	0.0	0.0	0.0	0.0	0.0	1.0	0.0	0.0	0.0	0.0	0.0	0.0	0.0	0.0	0.0	0.0	0.0	0.0	0.0	0.0	0.0	0.0
G001310795	0.0	0.0	0.0	0.0	0.0	0.0	0.0	0.0	0.0	0.0	0.0	5.0	0.0	0.0	1.0	2.0	0.0	0.0	0.0	0.0	0.0	0.0	1.0	0.0	0.0
G001312505	2.0	0.0	4.0	0.0	0.0	1.0	0.0	1.0	2.0	0.0	0.0	3.0	0.0	4.0	0.0	0.0	0.0	0.0	0.0	1.0	0.0	0.0	0.0	0.0	2.0
G001314305	0.0	0.0	0.0	0.0	0.0	0.0	0.0	1.0	1.0	1.0	0.0	0.0	0.0	0.0	2.0	0.0	0.0	0.0	1.0	0.0	0.0	0.0	2.0	0.0	0.0
G001314975	3.0	1.0	2.0	0.0	4.0	0.0	1.0	3.0	5.0	2.0	1.0	0.0	1.0	3.0	0.0	1.0	0.0	0.0	2.0	1.0	1.0	0.0	3.0	0.0	3.0
G001314995	6.0	0.0	2.0	0.0	3.0	0.0	0.0	3.0	6.0	3.0	0.0	3.0	2.0	9.0	2.0	0.0	0.0	1.0	0.0	3.0	1.0	1.0	1.0	2.0	0.0
G001318345	2.0	2.0	4.0	0.0	0.0	2.0	0.0	0.0	4.0	0.0	0.0	0.0	0.0	12.0	0.0	0.0	0.0	0.0	0.0	2.0	2.0	0.0	0.0	2.0	2.0
G001398415	0.0	0.0	0.0	0.0	0.0	2.0	0.0	4.0	1.0	0.0	0.0	1.0	0.0	0.0	0.0	0.0	0.0	0.0	0.0	2.0	0.0	0.0	0.0	0.0	0.0
G001404455	6.0	0.0	6.0	0.0	7.0	4.0	2.0	4.0	9.0	4.0	5.0	6.0	8.0	14.0	2.0	2.0	0.0	9.0	2.0	5.0	6.0	17.0	1.0	2.0	4.0
G001404695	0.0	0.0	0.0	0.0	3.0	1.0	0.0	1.0	0.0	0.0	0.0	0.0	0.0	3.0	0.0	0.0	0.0	1.0	0.0	0.0	0.0	0.0	0.0	2.0	1.0
G001405375	0.0	0.0	2.0	0.0	1.0	0.0	0.0	2.0	0.0	0.0	1.0	0.0	0.0	4.0	0.0	7.0	2.0	1.0	0.0	0.0	0.0	0.0	1.0	2.0	1.0
G001406335	3.0	0.0	4.0	0.0	4.0	2.0	0.0	6.0	1.0	1.0	2.0	2.0	6.0	12.0	0.0	6.0	0.0	2.0	5.0	3.0	0.0	0.0	8.0	11.0	3.0
G001412575	12.0	0.0	4.0	4.0	17.0	0.0	3.0	12.0	5.0	2.0	0.0	1.0	4.0	12.0	0.0	2.0	5.0	10.0	2.0	4.0	5.0	4.0	16.0	16.0	6.0
G001412595	0.0	0.0	1.0	1.0	0.0	0.0	0.0	1.0	0.0	0.0	0.0	0.0	0.0	1.0	0.0	0.0	0.0	0.0	0.0	1.0	0.0	0.0	0.0	0.0	0.0
G001421805	9.0	0.0	2.0	3.0	10.0	1.0	4.0	6.0	19.0	6.0	0.0	5.0	10.0	41.0	3.0	8.0	2.0	4.0	12.0	15.0	3.0	13.0	12.0	16.0	5.0
G001423045	0.0	0.0	0.0	0.0	0.0	1.0	0.0	0.0	0.0	1.0	0.0	0.0	0.0	88.0	2.0	0.0	0.0	4.0	0.0	2.0	0.0	0.0	0.0	3.0	0.0
G001423765	0.0	0.0	0.0	0.0	5.0	0.0	1.0	4.0	0.0	0.0	0.0	0.0	0.0	5.0	1.0	0.0	1.0	0.0	0.0	2.0	0.0	0.0	1.0	0.0	4.0
G001423885	0.0	2.0	0.0	0.0	0.0	2.0	0.0	0.0	2.0	1.0	0.0	2.0	1.0	4.0	0.0	8.0	0.0	0.0	0.0	2.0	0.0	0.0	2.0	5.0	0.0
G001424265	0.0	0.0	0.0	0.0	0.0	0.0	0.0	1.0	0.0	0.0	4.0	2.0	1.0	2.0	0.0	0.0	0.0	1.0	0.0	0.0	1.0	0.0	4.0	0.0	0.0
G001425785	8.0	1.0	2.0	0.0	2.0	2.0	1.0	2.0	2.0	1.0	0.0	0.0	4.0	10.0	0.0	3.0	0.0	0.0	6.0	3.0	1.0	1.0	2.0	4.0	0.0
G001425865	2.0	0.0	9.0	0.0	3.0	0.0	0.0	3.0	1.0	0.0	0.0	0.0	0.0	2.0	0.0	0.0	0.0	2.0	0.0	1.0	0.0	2.0	1.0	1.0	0.0
G001427705	6.0	0.0	4.0	0.0	5.0	0.0	0.0	4.0	1.0	0.0	0.0	1.0	4.0	3.0	2.0	0.0	0.0	1.0	3.0	3.0	0.0	0.0	3.0	9.0	3.0
G001428645	9.0	2.0	15.0	0.0	1.0	0.0	2.0	3.0	14.0	4.0	4.0	1.0	2.0	7.0	0.0	4.0	5.0	10.0	0.0	1.0	2.0	11.0	1.0	7.0	0.0
G001432305	1.0	0.0	0.0	0.0	0.0	0.0	0.0	0.0	1.0	0.0	0.0	0.0	0.0	3.0	0.0	0.0	0.0	0.0	0.0	2.0	0.0	0.0	2.0	0.0	0.0
G001438925	1.0	0.0	0.0	0.0	0.0	0.0	1.0	1.0	0.0	0.0	0.0	0.0	3.0	6.0	0.0	0.0	1.0	0.0	0.0	1.0	0.0	0.0	2.0	0.0	0.0
G001447195	3.0	0.0	0.0	0.0	0.0	0.0	0.0	6.0	0.0	0.0	0.0	2.0	0.0	5.0	0.0	0.0	0.0	0.0	0.0	0.0	0.0	0.0	1.0	2.0	0.0
G001450355	0.0	0.0	0.0	1.0	2.0	2.0	0.0	2.0	2.0	0.0	1.0	2.0	1.0	0.0	1.0	1.0	1.0	0.0	0.0	3.0	0.0	0.0	2.0	1.0	0.0
G001457475	1.0	0.0	2.0	0.0	0.0	10.0	0.0	2.0	0.0	15.0	0.0	0.0	1.0	0.0	0.0	9.0	0.0	0.0	3.0	0.0	0.0	0.0	62.0	0.0	6.0
G001471555	0.0	0.0	2.0	0.0	1.0	0.0	0.0	0.0	0.0	1.0	0.0	0.0	0.0	5.0	1.0	0.0	0.0	0.0	1.0	3.0	0.0	0.0	0.0	0.0	2.0
G001477625	0.0	0.0	2.0	0.0	1.0	0.0	0.0	2.0	5.0	0.0	0.0	0.0	0.0	1.0	0.0	4.0	0.0	0.0	0.0	0.0	0.0	2.0	4.0	1.0	0.0
G001483865	0.0	0.0	0.0	0.0	0.0	0.0	0.0	1.0	0.0	0.0	0.0	0.0	0.0	2.0	0.0	0.0	0.0	0.0	0.0	0.0	0.0	0.0	0.0	1.0	0.0
G001484935	10.0	1.0	5.0	2.0	7.0	1.0	6.0	10.0	14.0	5.0	0.0	0.0	5.0	37.0	2.0	5.0	2.0	5.0	7.0	6.0	1.0	4.0	10.0	14.0	3.0
G001499755	0.0	0.0	2.0	0.0	0.0	0.0	0.0	1.0	0.0	0.0	0.0	2.0	0.0	1.0	3.0	0.0	0.0	1.0	0.0	0.0	0.0	0.0	0.0	0.0	0.0
G001514435	0.0	1.0	0.0	1.0	0.0	0.0	1.0	0.0	1.0	1.0	0.0	0.0	0.0	0.0	0.0	0.0	0.0	0.0	3.0	1.0	0.0	0.0	4.0	0.0	0.0
G001543265	28.0	0.0	3.0	0.0	1.0	0.0	0.0	4.0	4.0	0.0	0.0	0.0	0.0	5.0	0.0	0.0	0.0	0.0	2.0	0.0	0.0	0.0	0.0	2.0	0.0
G001543285	0.0	0.0	2.0	0.0	0.0	2.0	0.0	0.0	0.0	0.0	0.0	0.0	0.0	3.0	0.0	0.0	0.0	0.0	0.0	2.0	0.0	0.0	0.0	0.0	0.0
G001553935	0.0	0.0	0.0	0.0	5.0	0.0	0.0	0.0	0.0	0.0	0.0	2.0	2.0	1.0	0.0	0.0	24.0	2.0	0.0	1.0	0.0	2.0	0.0	0.0	0.0
G001553955	0.0	0.0	3.0	0.0	2.0	0.0	2.0	0.0	1.0	2.0	0.0	1.0	0.0	1.0	0.0	4.0	0.0	0.0	0.0	0.0	0.0	0.0	0.0	0.0	0.0
G001577265	1.0	0.0	0.0	0.0	3.0	0.0	0.0	3.0	0.0	0.0	0.0	0.0	0.0	1.0	0.0	0.0	0.0	0.0	0.0	0.0	0.0	3.0	3.0	0.0	0.0
G001584645	1.0	0.0	1.0	0.0	0.0	2.0	0.0	0.0	0.0	0.0	0.0	0.0	2.0	1.0	0.0	0.0	2.0	1.0	0.0	0.0	0.0	0.0	1.0	0.0	27.0
G001586215	0.0	0.0	2.0	0.0	4.0	0.0	2.0	7.0	0.0	0.0	0.0	0.0	0.0	2.0	1.0	0.0	0.0	1.0	0.0	25.0	0.0	2.0	0.0	0.0	8.0
G001592855	7.0	1.0	5.0	0.0	5.0	1.0	4.0	8.0	10.0	4.0	0.0	0.0	6.0	18.0	4.0	5.0	1.0	3.0	3.0	2.0	4.0	4.0	6.0	6.0	3.0
G001603225	0.0	0.0	3.0	0.0	2.0	0.0	0.0	0.0	1.0	0.0	0.0	3.0	2.0	1.0	0.0	0.0	0.0	0.0	1.0	1.0	0.0	2.0	0.0	0.0	1.0
G001639025	6.0	0.0	0.0	0.0	5.0	1.0	4.0	1.0	0.0	1.0	0.0	1.0	2.0	0.0	0.0	0.0	0.0	0.0	2.0	1.0	0.0	0.0	1.0	0.0	0.0
G001643095	0.0	2.0	3.0	0.0	0.0	1.0	0.0	0.0	0.0	2.0	0.0	0.0	0.0	0.0	0.0	0.0	0.0	0.0	0.0	2.0	19.0	0.0	1.0	0.0	0.0
G001647675	1.0	0.0	1.0	0.0	0.0	0.0	0.0	1.0	1.0	1.0	0.0	1.0	0.0	0.0	0.0	1.0	0.0	0.0	0.0	1.0	0.0	0.0	0.0	0.0	2.0
G001665955	2.0	0.0	1.0	0.0	0.0	2.0	0.0	0.0	0.0	0.0	0.0	0.0	0.0	0.0	0.0	0.0	0.0	0.0	0.0	1.0	0.0	0.0	0.0	0.0	2.0
G001679275	1.0	0.0	5.0	0.0	4.0	0.0	0.0	0.0	0.0	3.0	0.0	1.0	2.0	0.0	0.0	0.0	0.0	0.0	2.0	0.0	0.0	0.0	2.0	0.0	0.0
G001705175	1.0	0.0	1.0	1.0	0.0	1.0	0.0	0.0	0.0	2.0	0.0	0.0	1.0	2.0	0.0	0.0	0.0	0.0	0.0	0.0	0.0	0.0	0.0	0.0	0.0
G001705425	3.0	1.0	1.0	0.0	0.0	0.0	2.0	5.0	0.0	3.0	0.0	0.0	0.0	21.0	0.0	0.0	0.0	0.0	1.0	1.0	4.0	1.0	22.0	6.0	6.0
G001708485	2.0	0.0	7.0	2.0	6.0	0.0	0.0	5.0	5.0	2.0	0.0	0.0	3.0	4.0	0.0	7.0	1.0	4.0	2.0	10.0	5.0	1.0	0.0	2.0	4.0
G001714725	2.0	0.0	1.0	0.0	1.0	0.0	4.0	11.0	4.0	4.0	2.0	0.0	0.0	2.0	0.0	6.0	0.0	5.0	8.0	5.0	1.0	1.0	5.0	0.0	5.0
G001747495	4.0	7.0	50.0	1.0	6.0	22.0	6.0	10.0	17.0	178.0	4.0	8.0	6.0	13.0	15.0	5.0	2.0	8.0	51.0	63.0	10.0	19.0	53.0	9.0	7.0
G001758345	3.0	0.0	0.0	1.0	0.0	0.0	0.0	2.0	2.0	0.0	0.0	0.0	2.0	11.0	0.0	0.0	0.0	2.0	1.0	1.0	0.0	2.0	1.0	2.0	0.0
G001761345	1.0	0.0	7.0	0.0	0.0	6.0	1.0	8.0	2.0	0.0	2.0	0.0	4.0	3.0	0.0	2.0	0.0	2.0	0.0	0.0	6.0	3.0	6.0	4.0	6.0
G001761465	1.0	0.0	1.0	0.0	0.0	1.0	0.0	0.0	0.0	0.0	2.0	0.0	0.0	1.0	0.0	0.0	0.0	0.0	0.0	0.0	0.0	0.0	1.0	0.0	0.0
G001771065	1.0	0.0	0.0	0.0	0.0	0.0	0.0	0.0	0.0	0.0	0.0	0.0	0.0	2.0	0.0	0.0	0.0	0.0	0.0	5.0	0.0	0.0	0.0	0.0	0.0
G001773575	0.0	0.0	0.0	0.0	0.0	0.0	0.0	0.0	1.0	0.0	0.0	0.0	0.0	1.0	0.0	0.0	0.0	0.0	0.0	0.0	1.0	0.0	0.0	0.0	0.0
G001814805	0.0	0.0	1.0	0.0	0.0	1.0	1.0	0.0	0.0	0.0	0.0	0.0	0.0	0.0	0.0	1.0	0.0	0.0	0.0	1.0	0.0	0.0	1.0	0.0	0.0
G001828765	15.0	0.0	8.0	2.0	5.0	0.0	5.0	4.0	9.0	9.0	2.0	2.0	3.0	26.0	3.0	6.0	1.0	2.0	8.0	4.0	2.0	6.0	9.0	15.0	3.0
G001830325	1.0	0.0	3.0	0.0	1.0	1.0	0.0	0.0	2.0	2.0	0.0	0.0	0.0	9.0	0.0	0.0	1.0	4.0	3.0	4.0	2.0	6.0	6.0	1.0	1.0
G001866515	1.0	0.0	1.0	0.0	0.0	0.0	0.0	0.0	1.0	0.0	0.0	0.0	0.0	3.0	0.0	4.0	0.0	0.0	0.0	1.0	0.0	0.0	0.0	0.0	1.0
G001878775	12.0	1.0	5.0	0.0	3.0	10.0	2.0	8.0	5.0	6.0	0.0	2.0	3.0	13.0	2.0	1.0	0.0	5.0	0.0	2.0	1.0	3.0	0.0	4.0	0.0
G001881495	2.0	0.0	2.0	3.0	3.0	0.0	0.0	2.0	5.0	0.0	0.0	2.0	1.0	7.0	0.0	0.0	0.0	8.0	0.0	0.0	0.0	0.0	1.0	0.0	0.0
G001885765	5.0	0.0	0.0	0.0	2.0	1.0	2.0	7.0	5.0	8.0	1.0	0.0	6.0	4.0	2.0	0.0	2.0	0.0	0.0	0.0	2.0	2.0	4.0	0.0	13.0
G001897305	0.0	0.0	1.0	0.0	0.0	0.0	0.0	4.0	0.0	0.0	0.0	0.0	0.0	0.0	1.0	0.0	0.0	0.0	0.0	0.0	0.0	0.0	0.0	0.0	0.0
G001902615	2.0	0.0	2.0	0.0	2.0	0.0	0.0	2.0	0.0	51.0	0.0	0.0	0.0	0.0	0.0	0.0	0.0	0.0	0.0	2.0	0.0	0.0	627.0	2.0	0.0
G001914135	0.0	0.0	1.0	0.0	0.0	1.0	1.0	0.0	0.0	0.0	0.0	0.0	0.0	2.0	0.0	1.0	0.0	0.0	0.0	1.0	0.0	0.0	1.0	0.0	0.0
G001915695	3.0	0.0	7.0	1.0	3.0	1.0	0.0	3.0	1.0	1.0	1.0	2.0	4.0	9.0	0.0	4.0	0.0	2.0	2.0	3.0	0.0	0.0	6.0	7.0	2.0
G001917065	0.0	0.0	5.0	0.0	0.0	2.0	0.0	0.0	1.0	0.0	0.0	2.0	1.0	1.0	0.0	1.0	1.0	2.0	1.0	1.0	0.0	0.0	0.0	0.0	0.0
G001941805	10.0	2.0	1.0	0.0	0.0	1.0	0.0	0.0	0.0	11.0	0.0	0.0	0.0	4.0	0.0	0.0	0.0	5.0	2.0	0.0	0.0	1.0	3.0	0.0	0.0
G001955715	2.0	0.0	0.0	0.0	1.0	0.0	0.0	3.0	7.0	2.0	0.0	0.0	3.0	0.0	0.0	0.0	0.0	0.0	2.0	2.0	0.0	0.0	4.0	0.0	0.0
G002002905	33.0	3.0	13.0	1.0	4.0	9.0	6.0	47.0	46.0	6.0	2.0	7.0	12.0	46.0	2.0	14.0	7.0	27.0	17.0	15.0	6.0	17.0	19.0	26.0	3.0
G002017865	4.0	0.0	0.0	0.0	4.0	0.0	0.0	2.0	0.0	0.0	0.0	0.0	0.0	0.0	0.0	0.0	0.0	1.0	0.0	4.0	0.0	0.0	0.0	0.0	0.0
G002028455	2.0	0.0	0.0	0.0	2.0	0.0	0.0	5.0	6.0	3.0	0.0	0.0	0.0	12.0	0.0	0.0	0.0	2.0	0.0	0.0	1.0	0.0	5.0	3.0	0.0
G002070005	0.0	0.0	4.0	0.0	0.0	1.0	2.0	0.0	2.0	2.0	0.0	4.0	2.0	0.0	0.0	3.0	0.0	0.0	0.0	3.0	0.0	0.0	0.0	0.0	2.0
G002198735	35.0	0.0	0.0	2.0	1.0	0.0	2.0	2.0	1.0	1.0	0.0	2.0	0.0	0.0	0.0	2.0	1.0	0.0	2.0	6.0	0.0	6.0	1.0	1.0	2.0
G002206575	0.0	0.0	3.0	0.0	0.0	4.0	0.0	0.0	0.0	0.0	0.0	6.0	0.0	3.0	0.0	0.0	0.0	0.0	0.0	0.0	0.0	0.0	1.0	0.0	1.0
G002255905	0.0	0.0	3.0	0.0	0.0	0.0	0.0	2.0	1.0	0.0	0.0	0.0	0.0	1.0	0.0	0.0	0.0	2.0	0.0	1.0	0.0	0.0	0.0	0.0	0.0
G002256425	0.0	0.0	15.0	0.0	1.0	3.0	2.0	4.0	2.0	0.0	0.0	0.0	4.0	2.0	0.0	4.0	0.0	4.0	0.0	4.0	0.0	0.0	0.0	2.0	0.0
G002287885	0.0	0.0	0.0	0.0	0.0	0.0	1.0	0.0	4.0	0.0	0.0	0.0	0.0	0.0	0.0	0.0	0.0	0.0	1.0	0.0	0.0	0.0	0.0	0.0	0.0
G002288385	1.0	0.0	6.0	0.0	1.0	0.0	1.0	17.0	3.0	2.0	0.0	0.0	1.0	22.0	2.0	3.0	0.0	1.0	0.0	1.0	0.0	3.0	0.0	2.0	6.0
G002336855	5.0	0.0	0.0	0.0	0.0	6.0	0.0	18.0	1.0	0.0	0.0	0.0	0.0	0.0	0.0	0.0	0.0	2.0	2.0	4.0	0.0	4.0	0.0	5.0	0.0
G002337155	0.0	0.0	2.0	0.0	1.0	0.0	0.0	2.0	2.0	0.0	1.0	0.0	1.0	3.0	0.0	0.0	0.0	1.0	0.0	0.0	0.0	0.0	0.0	3.0	1.0
G002354895	1.0	0.0	0.0	0.0	0.0	0.0	0.0	1.0	0.0	0.0	0.0	0.0	1.0	1.0	0.0	0.0	0.0	0.0	0.0	0.0	0.0	0.0	6.0	0.0	0.0
G002741075	0.0	0.0	0.0	0.0	0.0	0.0	1.0	2.0	2.0	0.0	0.0	0.0	0.0	6.0	0.0	0.0	0.0	0.0	0.0	0.0	0.0	0.0	0.0	0.0	1.0
G002943475	57.0	9.0	25.0	10.0	25.0	10.0	13.0	60.0	56.0	6.0	4.0	5.0	34.0	49.0	3.0	29.0	8.0	32.0	27.0	17.0	10.0	46.0	31.0	24.0	20.0
G003065365	2.0	0.0	2.0	0.0	0.0	0.0	0.0	0.0	2.0	0.0	0.0	0.0	1.0	2.0	0.0	0.0	0.0	0.0	0.0	2.0	0.0	2.0	0.0	0.0	2.0
G003072045	0.0	0.0	0.0	0.0	0.0	0.0	0.0	1.0	1.0	0.0	0.0	0.0	0.0	0.0	0.0	0.0	0.0	0.0	0.0	0.0	0.0	0.0	0.0	0.0	0.0
G003194085	11.0	0.0	1.0	0.0	10.0	7.0	0.0	12.0	1.0	0.0	0.0	0.0	1.0	8.0	3.0	4.0	0.0	0.0	0.0	0.0	0.0	3.0	0.0	2.0	4.0
G003269315	3.0	3.0	29.0	1.0	18.0	8.0	3.0	8.0	10.0	109.0	2.0	5.0	5.0	21.0	11.0	2.0	0.0	10.0	40.0	27.0	8.0	13.0	40.0	8.0	12.0
G003324125	14.0	0.0	6.0	0.0	2.0	2.0	4.0	11.0	17.0	2.0	1.0	4.0	2.0	23.0	0.0	2.0	0.0	1.0	2.0	2.0	2.0	0.0	4.0	1.0	2.0
G003435865	2.0	0.0	1.0	0.0	2.0	0.0	0.0	0.0	3.0	0.0	0.0	0.0	1.0	5.0	0.0	4.0	1.0	2.0	1.0	1.0	0.0	0.0	0.0	2.0	0.0
G003479885	0.0	1.0	2.0	0.0	0.0	2.0	4.0	7.0	2.0	0.0	2.0	4.0	0.0	1.0	6.0	0.0	0.0	0.0	0.0	1.0	0.0	1.0	0.0	1.0	0.0
G003542535	0.0	0.0	0.0	0.0	0.0	0.0	0.0	0.0	0.0	0.0	0.0	0.0	0.0	0.0	0.0	0.0	0.0	0.0	0.0	0.0	0.0	0.0	0.0	2.0	0.0
G003860485	0.0	0.0	0.0	0.0	0.0	0.0	0.0	0.0	0.0	0.0	0.0	0.0	5.0	0.0	0.0	0.0	0.0	0.0	0.0	0.0	0.0	0.0	0.0	0.0	0.0
G004100325	0.0	0.0	0.0	0.0	0.0	0.0	0.0	0.0	0.0	0.0	0.0	0.0	0.0	4.0	1.0	0.0	0.0	0.0	0.0	0.0	0.0	0.0	0.0	0.0	0.0
G004323595	0.0	0.0	0.0	0.0	1.0	0.0	0.0	0.0	0.0	7.0	0.0	0.0	0.0	0.0	0.0	0.0	0.0	0.0	0.0	1.0	0.0	0.0	5.0	0.0	0.0
G004351935	1.0	0.0	0.0	0.0	0.0	3.0	0.0	4.0	0.0	0.0	0.0	0.0	1.0	2.0	1.0	1.0	0.0	1.0	0.0	1.0	0.0	0.0	1.0	0.0	0.0
G004352045	0.0	0.0	0.0	0.0	0.0	1.0	0.0	0.0	0.0	0.0	0.0	4.0	1.0	2.0	1.0	0.0	0.0	0.0	0.0	2.0	0.0	0.0	1.0	0.0	1.0
G004352335	0.0	0.0	0.0	0.0	0.0	1.0	0.0	0.0	0.0	0.0	0.0	0.0	0.0	0.0	0.0	1.0	0.0	0.0	0.0	0.0	0.0	0.0	0.0	0.0	1.0
G004352345	0.0	0.0	0.0	0.0	2.0	1.0	0.0	0.0	0.0	0.0	0.0	1.0	1.0	2.0	1.0	1.0	0.0	0.0	1.0	5.0	0.0	0.0	0.0	0.0	0.0
G004352485	0.0	0.0	0.0	0.0	0.0	4.0	0.0	0.0	0.0	0.0	0.0	0.0	0.0	2.0	0.0	0.0	0.0	0.0	0.0	0.0	0.0	0.0	2.0	0.0	0.0
G004352505	0.0	0.0	1.0	0.0	1.0	2.0	0.0	0.0	0.0	0.0	0.0	2.0	1.0	3.0	0.0	0.0	0.0	0.0	0.0	3.0	0.0	0.0	0.0	0.0	0.0
G004796175	1.0	0.0	0.0	2.0	2.0	4.0	0.0	4.0	0.0	1.0	0.0	2.0	1.0	9.0	4.0	2.0	2.0	0.0	1.0	8.0	0.0	0.0	1.0	0.0	1.0
G004797125	1.0	0.0	1.0	0.0	0.0	0.0	0.0	2.0	0.0	0.0	0.0	0.0	0.0	1.0	0.0	2.0	0.0	0.0	1.0	0.0	0.0	0.0	1.0	0.0	0.0
G005503335	0.0	0.0	0.0	0.0	1.0	0.0	0.0	0.0	1.0	0.0	0.0	0.0	0.0	3.0	0.0	0.0	0.0	1.0	0.0	2.0	0.0	0.0	0.0	0.0	0.0
G005845345	1.0	0.0	4.0	0.0	0.0	0.0	1.0	2.0	1.0	0.0	1.0	0.0	0.0	12.0	0.0	2.0	0.0	0.0	0.0	0.0	0.0	0.0	1.0	0.0	1.0
G006438775	5.0	0.0	1.0	0.0	3.0	2.0	2.0	1.0	2.0	0.0	0.0	0.0	2.0	5.0	0.0	0.0	0.0	0.0	0.0	0.0	0.0	0.0	4.0	0.0	0.0
G006974105	2.0	0.0	2.0	0.0	0.0	0.0	0.0	2.0	0.0	0.0	0.0	2.0	0.0	0.0	0.0	0.0	0.0	0.0	0.0	1.0	0.0	1.0	0.0	1.0	2.0
G007378985	0.0	2.0	2.0	0.0	1.0	0.0	4.0	0.0	0.0	0.0	0.0	0.0	0.0	7.0	2.0	0.0	0.0	0.0	3.0	0.0	0.0	0.0	0.0	0.0	2.0
G007655255	0.0	0.0	0.0	0.0	0.0	0.0	0.0	0.0	0.0	1.0	0.0	0.0	0.0	1.0	0.0	0.0	0.0	0.0	0.0	2.0	0.0	0.0	2.0	0.0	0.0
G007998125	1.0	0.0	0.0	0.0	1.0	0.0	0.0	1.0	1.0	0.0	0.0	0.0	1.0	3.0	0.0	0.0	0.0	0.0	0.0	1.0	0.0	2.0	0.0	1.0	0.0
G008012255	0.0	0.0	4.0	0.0	2.0	0.0	0.0	5.0	6.0	0.0	0.0	0.0	0.0	2.0	0.0	2.0	0.0	0.0	3.0	0.0	0.0	0.0	5.0	0.0	0.0
G008033425	1.0	0.0	0.0	0.0	0.0	0.0	0.0	0.0	0.0	0.0	0.0	0.0	0.0	0.0	0.0	0.0	0.0	3.0	0.0	0.0	0.0	0.0	0.0	0.0	0.0
G008273775	1.0	0.0	0.0	0.0	2.0	0.0	0.0	2.0	2.0	0.0	0.0	0.0	0.0	3.0	1.0	0.0	0.0	1.0	0.0	0.0	0.0	2.0	0.0	1.0	0.0
G008807395	0.0	0.0	0.0	0.0	0.0	0.0	2.0	0.0	6.0	1.0	0.0	0.0	0.0	0.0	0.0	0.0	1.0	0.0	0.0	0.0	0.0	0.0	0.0	0.0	0.0
G009693325	0.0	0.0	0.0	0.0	0.0	0.0	0.0	0.0	0.0	0.0	0.0	0.0	0.0	0.0	0.0	0.0	0.0	0.0	0.0	1.0	0.0	0.0	0.0	0.0	0.0
G009694875	0.0	0.0	0.0	0.0	0.0	0.0	1.0	0.0	0.0	0.0	0.0	0.0	0.0	0.0	0.0	0.0	0.0	0.0	0.0	0.0	0.0	0.0	0.0	0.0	0.0
G009727125	1.0	0.0	1.0	1.0	3.0	5.0	0.0	5.0	0.0	1.0	1.0	7.0	2.0	15.0	4.0	6.0	2.0	0.0	3.0	14.0	0.0	0.0	3.0	6.0	3.0
G009768975	24.0	7.0	11.0	0.0	5.0	2.0	4.0	14.0	12.0	2.0	2.0	6.0	9.0	14.0	2.0	6.0	0.0	7.0	2.0	6.0	0.0	12.0	16.0	2.0	4.0
G009859475	0.0	0.0	0.0	0.0	0.0	0.0	0.0	2.0	2.0	0.0	1.0	0.0	0.0	3.0	0.0	0.0	0.0	0.0	0.0	2.0	0.0	0.0	1.0	1.0	5.0
G009867145	56.0	0.0	27.0	1.0	36.0	4.0	9.0	43.0	126.0	15.0	2.0	3.0	14.0	79.0	7.0	41.0	4.0	14.0	15.0	20.0	11.0	9.0	19.0	44.0	9.0
G009937955	4.0	0.0	2.0	0.0	1.0	0.0	0.0	8.0	3.0	0.0	0.0	0.0	1.0	7.0	2.0	2.0	2.0	5.0	4.0	2.0	2.0	3.0	0.0	6.0	1.0
G009938305	13.0	2.0	17.0	2.0	4.0	4.0	8.0	26.0	25.0	0.0	2.0	10.0	13.0	31.0	0.0	18.0	2.0	8.0	4.0	6.0	4.0	2.0	6.0	26.0	4.0
G010020825	2.0	0.0	0.0	0.0	1.0	0.0	1.0	0.0	1.0	0.0	0.0	0.0	0.0	6.0	2.0	0.0	0.0	0.0	1.0	0.0	1.0	0.0	1.0	0.0	1.0
G010500925	4.0	7.0	67.0	3.0	10.0	37.0	9.0	19.0	23.0	278.0	5.0	11.0	11.0	20.0	25.0	5.0	3.0	12.0	83.0	91.0	10.0	35.0	83.0	12.0	11.0
G011106855	0.0	2.0	0.0	0.0	0.0	0.0	0.0	0.0	1.0	2.0	0.0	0.0	0.0	0.0	0.0	0.0	0.0	0.0	0.0	0.0	0.0	0.0	1.0	5.0	0.0
G011299095	6.0	0.0	0.0	0.0	2.0	0.0	0.0	1.0	9.0	0.0	0.0	0.0	2.0	13.0	0.0	0.0	2.0	0.0	0.0	0.0	0.0	0.0	2.0	2.0	0.0
G011305995	4.0	0.0	2.0	0.0	2.0	0.0	0.0	3.0	0.0	1.0	0.0	3.0	0.0	3.0	0.0	0.0	0.0	2.0	0.0	1.0	0.0	0.0	1.0	0.0	0.0
G011754225	0.0	0.0	0.0	0.0	0.0	0.0	0.0	0.0	0.0	2.0	0.0	0.0	0.0	0.0	0.0	0.0	0.0	0.0	0.0	0.0	0.0	0.0	0.0	0.0	0.0
G012161415	0.0	0.0	0.0	0.0	0.0	0.0	0.0	0.0	0.0	0.0	0.0	0.0	0.0	1.0	0.0	0.0	0.0	0.0	0.0	0.0	0.0	0.0	0.0	0.0	0.0
G012357415	1.0	0.0	0.0	0.0	1.0	0.0	0.0	1.0	1.0	0.0	0.0	0.0	0.0	2.0	0.0	0.0	0.0	1.0	0.0	1.0	0.0	0.0	0.0	0.0	0.0
G900002825	0.0	0.0	0.0	0.0	0.0	0.0	0.0	0.0	0.0	1.0	0.0	0.0	0.0	0.0	0.0	0.0	0.0	0.0	0.0	0.0	0.0	0.0	0.0	0.0	0.0
G900066525	0.0	0.0	1.0	0.0	0.0	0.0	0.0	0.0	1.0	0.0	0.0	0.0	0.0	3.0	4.0	0.0	0.0	1.0	0.0	4.0	0.0	0.0	0.0	1.0	0.0
G900066545	2.0	0.0	0.0	0.0	0.0	0.0	0.0	0.0	2.0	0.0	0.0	1.0	0.0	0.0	1.0	0.0	0.0	0.0	0.0	1.0	0.0	0.0	0.0	0.0	0.0
G900111115	238.0	8.0	61.0	23.0	64.0	20.0	30.0	232.0	149.0	39.0	15.0	34.0	47.0	438.0	13.0	71.0	38.0	74.0	31.0	54.0	40.0	70.0	103.0	97.0	38.0
G900112935	3.0	1.0	2.0	0.0	3.0	0.0	0.0	4.0	2.0	0.0	0.0	0.0	0.0	6.0	0.0	4.0	0.0	0.0	0.0	0.0	2.0	0.0	5.0	1.0	0.0
G900113085	0.0	0.0	0.0	0.0	0.0	0.0	0.0	0.0	0.0	1.0	0.0	0.0	0.0	0.0	0.0	0.0	0.0	0.0	3.0	0.0	0.0	0.0	9.0	0.0	0.0
G900113395	0.0	0.0	1.0	0.0	0.0	1.0	1.0	0.0	0.0	0.0	0.0	0.0	0.0	1.0	0.0	1.0	0.0	0.0	0.0	1.0	0.0	0.0	1.0	0.0	0.0
G900113645	25.0	3.0	9.0	2.0	6.0	2.0	1.0	8.0	6.0	4.0	1.0	0.0	3.0	24.0	6.0	5.0	1.0	3.0	4.0	5.0	4.0	6.0	9.0	6.0	2.0
G900114705	18.0	0.0	2.0	1.0	4.0	1.0	0.0	10.0	4.0	0.0	0.0	2.0	2.0	33.0	0.0	6.0	0.0	7.0	0.0	1.0	0.0	2.0	2.0	2.0	0.0
G900116265	19.0	7.0	19.0	1.0	18.0	10.0	12.0	42.0	75.0	5.0	3.0	2.0	10.0	32.0	8.0	15.0	4.0	11.0	9.0	7.0	1.0	12.0	24.0	23.0	1.0
G900129415	10.0	4.0	4.0	0.0	4.0	0.0	1.0	14.0	7.0	6.0	1.0	0.0	3.0	15.0	2.0	4.0	1.0	3.0	6.0	3.0	0.0	3.0	9.0	5.0	2.0
G900184925	3.0	7.0	56.0	3.0	8.0	29.0	8.0	14.0	20.0	233.0	5.0	9.0	10.0	19.0	21.0	3.0	2.0	9.0	69.0	78.0	9.0	30.0	68.0	9.0	9.0
G900227605	0.0	0.0	0.0	0.0	0.0	0.0	0.0	0.0	0.0	0.0	0.0	0.0	0.0	0.0	0.0	0.0	0.0	0.0	0.0	0.0	0.0	0.0	0.0	0.0	0.0
G900416805	17.0	2.0	2.0	0.0	6.0	0.0	0.0	2.0	5.0	0.0	0.0	0.0	2.0	2.0	1.0	2.0	0.0	0.0	4.0	0.0	0.0	3.0	4.0	3.0	0.0
G901000775	0.0	2.0	6.0	0.0	7.0	2.0	0.0	8.0	13.0	6.0	2.0	2.0	2.0	8.0	6.0	5.0	8.0	0.0	0.0	1.0	4.0	8.0	6.0	6.0	8.0
G902363055	8.0	0.0	2.0	0.0	2.0	0.0	0.0	0.0	2.0	0.0	0.0	6.0	2.0	5.0	2.0	0.0	0.0	0.0	0.0	1.0	0.0	9.0	0.0	2.0	0.0
G902363685	1.0	0.0	0.0	0.0	1.0	1.0	0.0	1.0	1.0	0.0	1.0	0.0	0.0	4.0	1.0	0.0	0.0	0.0	0.0	0.0	0.0	1.0	0.0	0.0	0.0
G902826025	9.0	0.0	12.0	3.0	5.0	10.0	8.0	15.0	16.0	5.0	3.0	0.0	3.0	35.0	0.0	6.0	7.0	2.0	2.0	6.0	0.0	5.0	3.0	8.0	7.0
